#horario,Curso,ID Liga,NRC,Día,Hora Inicio,Hora Fin,Docente
1,ISIA-109,T1,9560,Jueves,14:20,15:10,VASQUEZ PEREYRA JOSE HUMBERTO
1,ISIA-109,T1,9560,Jueves,15:15,16:05,VASQUEZ PEREYRA JOSE HUMBERTO
1,ISIA-110,L2,11525,Martes,07:00,07:50,ABANTO CABRERA HEBER GERSON
1,ISIA-110,L2,11525,Martes,07:55,08:45,ABANTO CABRERA HEBER GERSON
1,ISIA-110,L2,11525,Martes,08:50,09:40,ABANTO CABRERA HEBER GERSON
1,ISIA-110,L2,11525,Martes,09:45,10:35,ABANTO CABRERA HEBER GERSON
1,ISIA-113,L2,11846,Viernes,07:00,07:50,CUEVA CHAVEZ WALTER MANUEL
1,ISIA-113,L2,11846,Viernes,07:55,08:45,CUEVA CHAVEZ WALTER MANUEL
1,ISIA-111,L1,12170,Lunes,19:50,20:40,CABALLERO ALVARADO ARMANDO JAVIER
1,ISIA-111,L1,12170,Lunes,20:45,21:35,CABALLERO ALVARADO ARMANDO JAVIER
2,ISIA-109,T1,9560,Jueves,14:20,15:10,VASQUEZ PEREYRA JOSE HUMBERTO
2,ISIA-109,T1,9560,Jueves,15:15,16:05,VASQUEZ PEREYRA JOSE HUMBERTO
2,ISIA-110,L2,11525,Martes,07:00,07:50,ABANTO CABRERA HEBER GERSON
2,ISIA-110,L2,11525,Martes,07:55,08:45,ABANTO CABRERA HEBER GERSON
2,ISIA-110,L2,11525,Martes,08:50,09:40,ABANTO CABRERA HEBER GERSON
2,ISIA-110,L2,11525,Martes,09:45,10:35,ABANTO CABRERA HEBER GERSON
2,ISIA-113,L2,11846,Viernes,07:00,07:50,CUEVA CHAVEZ WALTER MANUEL
2,ISIA-113,L2,11846,Viernes,07:55,08:45,CUEVA CHAVEZ WALTER MANUEL
2,ISIA-111,T1,9634,Lunes,16:10,17:00,CABALLERO ALVARADO ARMANDO JAVIER
2,ISIA-111,T1,9634,Lunes,17:05,17:55,CABALLERO ALVARADO ARMANDO JAVIER
3,ISIA-109,T1,9560,Jueves,14:20,15:10,VASQUEZ PEREYRA JOSE HUMBERTO
3,ISIA-109,T1,9560,Jueves,15:15,16:05,VASQUEZ PEREYRA JOSE HUMBERTO
3,ISIA-110,L2,11525,Martes,07:00,07:50,ABANTO CABRERA HEBER GERSON
3,ISIA-110,L2,11525,Martes,07:55,08:45,ABANTO CABRERA HEBER GERSON
3,ISIA-110,L2,11525,Martes,08:50,09:40,ABANTO CABRERA HEBER GERSON
3,ISIA-110,L2,11525,Martes,09:45,10:35,ABANTO CABRERA HEBER GERSON
3,ISIA-113,L2,11846,Viernes,07:00,07:50,CUEVA CHAVEZ WALTER MANUEL
3,ISIA-113,L2,11846,Viernes,07:55,08:45,CUEVA CHAVEZ WALTER MANUEL
3,ISIA-111,L1,9635,Lunes,18:00,18:50,CABALLERO ALVARADO ARMANDO JAVIER
3,ISIA-111,L1,9635,Lunes,18:55,19:45,CABALLERO ALVARADO ARMANDO JAVIER
4,ISIA-109,T1,9560,Jueves,14:20,15:10,VASQUEZ PEREYRA JOSE HUMBERTO
4,ISIA-109,T1,9560,Jueves,15:15,16:05,VASQUEZ PEREYRA JOSE HUMBERTO
4,ISIA-110,L2,11525,Martes,07:00,07:50,ABANTO CABRERA HEBER GERSON
4,ISIA-110,L2,11525,Martes,07:55,08:45,ABANTO CABRERA HEBER GERSON
4,ISIA-110,L2,11525,Martes,08:50,09:40,ABANTO CABRERA HEBER GERSON
4,ISIA-110,L2,11525,Martes,09:45,10:35,ABANTO CABRERA HEBER GERSON
4,ISIA-113,L3,11848,Jueves,16:10,17:00,CUEVA CHAVEZ WALTER MANUEL
4,ISIA-113,L3,11848,Jueves,17:05,17:55,CUEVA CHAVEZ WALTER MANUEL
4,ISIA-111,L1,12170,Lunes,19:50,20:40,CABALLERO ALVARADO ARMANDO JAVIER
4,ISIA-111,L1,12170,Lunes,20:45,21:35,CABALLERO ALVARADO ARMANDO JAVIER
5,ISIA-109,T1,9560,Jueves,14:20,15:10,VASQUEZ PEREYRA JOSE HUMBERTO
5,ISIA-109,T1,9560,Jueves,15:15,16:05,VASQUEZ PEREYRA JOSE HUMBERTO
5,ISIA-110,L2,11525,Martes,07:00,07:50,ABANTO CABRERA HEBER GERSON
5,ISIA-110,L2,11525,Martes,07:55,08:45,ABANTO CABRERA HEBER GERSON
5,ISIA-110,L2,11525,Martes,08:50,09:40,ABANTO CABRERA HEBER GERSON
5,ISIA-110,L2,11525,Martes,09:45,10:35,ABANTO CABRERA HEBER GERSON
5,ISIA-113,L3,11848,Jueves,16:10,17:00,CUEVA CHAVEZ WALTER MANUEL
5,ISIA-113,L3,11848,Jueves,17:05,17:55,CUEVA CHAVEZ WALTER MANUEL
5,ISIA-111,T1,9634,Lunes,16:10,17:00,CABALLERO ALVARADO ARMANDO JAVIER
5,ISIA-111,T1,9634,Lunes,17:05,17:55,CABALLERO ALVARADO ARMANDO JAVIER
6,ISIA-109,T1,9560,Jueves,14:20,15:10,VASQUEZ PEREYRA JOSE HUMBERTO
6,ISIA-109,T1,9560,Jueves,15:15,16:05,VASQUEZ PEREYRA JOSE HUMBERTO
6,ISIA-110,L2,11525,Martes,07:00,07:50,ABANTO CABRERA HEBER GERSON
6,ISIA-110,L2,11525,Martes,07:55,08:45,ABANTO CABRERA HEBER GERSON
6,ISIA-110,L2,11525,Martes,08:50,09:40,ABANTO CABRERA HEBER GERSON
6,ISIA-110,L2,11525,Martes,09:45,10:35,ABANTO CABRERA HEBER GERSON
6,ISIA-113,L3,11848,Jueves,16:10,17:00,CUEVA CHAVEZ WALTER MANUEL
6,ISIA-113,L3,11848,Jueves,17:05,17:55,CUEVA CHAVEZ WALTER MANUEL
6,ISIA-111,L1,9635,Lunes,18:00,18:50,CABALLERO ALVARADO ARMANDO JAVIER
6,ISIA-111,L1,9635,Lunes,18:55,19:45,CABALLERO ALVARADO ARMANDO JAVIER
7,ISIA-109,T1,9560,Jueves,14:20,15:10,VASQUEZ PEREYRA JOSE HUMBERTO
7,ISIA-109,T1,9560,Jueves,15:15,16:05,VASQUEZ PEREYRA JOSE HUMBERTO
7,ISIA-110,L2,11525,Martes,07:00,07:50,ABANTO CABRERA HEBER GERSON
7,ISIA-110,L2,11525,Martes,07:55,08:45,ABANTO CABRERA HEBER GERSON
7,ISIA-110,L2,11525,Martes,08:50,09:40,ABANTO CABRERA HEBER GERSON
7,ISIA-110,L2,11525,Martes,09:45,10:35,ABANTO CABRERA HEBER GERSON
7,ISIA-113,T1,9619,Martes,18:00,18:50,CUEVA CHAVEZ WALTER MANUEL
7,ISIA-113,T1,9619,Martes,18:55,19:45,CUEVA CHAVEZ WALTER MANUEL
7,ISIA-111,L1,12170,Lunes,19:50,20:40,CABALLERO ALVARADO ARMANDO JAVIER
7,ISIA-111,L1,12170,Lunes,20:45,21:35,CABALLERO ALVARADO ARMANDO JAVIER
8,ISIA-109,T1,9560,Jueves,14:20,15:10,VASQUEZ PEREYRA JOSE HUMBERTO
8,ISIA-109,T1,9560,Jueves,15:15,16:05,VASQUEZ PEREYRA JOSE HUMBERTO
8,ISIA-110,L2,11525,Martes,07:00,07:50,ABANTO CABRERA HEBER GERSON
8,ISIA-110,L2,11525,Martes,07:55,08:45,ABANTO CABRERA HEBER GERSON
8,ISIA-110,L2,11525,Martes,08:50,09:40,ABANTO CABRERA HEBER GERSON
8,ISIA-110,L2,11525,Martes,09:45,10:35,ABANTO CABRERA HEBER GERSON
8,ISIA-113,T1,9619,Martes,18:00,18:50,CUEVA CHAVEZ WALTER MANUEL
8,ISIA-113,T1,9619,Martes,18:55,19:45,CUEVA CHAVEZ WALTER MANUEL
8,ISIA-111,T1,9634,Lunes,16:10,17:00,CABALLERO ALVARADO ARMANDO JAVIER
8,ISIA-111,T1,9634,Lunes,17:05,17:55,CABALLERO ALVARADO ARMANDO JAVIER
9,ISIA-109,T1,9560,Jueves,14:20,15:10,VASQUEZ PEREYRA JOSE HUMBERTO
9,ISIA-109,T1,9560,Jueves,15:15,16:05,VASQUEZ PEREYRA JOSE HUMBERTO
9,ISIA-110,L2,11525,Martes,07:00,07:50,ABANTO CABRERA HEBER GERSON
9,ISIA-110,L2,11525,Martes,07:55,08:45,ABANTO CABRERA HEBER GERSON
9,ISIA-110,L2,11525,Martes,08:50,09:40,ABANTO CABRERA HEBER GERSON
9,ISIA-110,L2,11525,Martes,09:45,10:35,ABANTO CABRERA HEBER GERSON
9,ISIA-113,T1,9619,Martes,18:00,18:50,CUEVA CHAVEZ WALTER MANUEL
9,ISIA-113,T1,9619,Martes,18:55,19:45,CUEVA CHAVEZ WALTER MANUEL
9,ISIA-111,L1,9635,Lunes,18:00,18:50,CABALLERO ALVARADO ARMANDO JAVIER
9,ISIA-111,L1,9635,Lunes,18:55,19:45,CABALLERO ALVARADO ARMANDO JAVIER
10,ISIA-109,T1,9560,Jueves,14:20,15:10,VASQUEZ PEREYRA JOSE HUMBERTO
10,ISIA-109,T1,9560,Jueves,15:15,16:05,VASQUEZ PEREYRA JOSE HUMBERTO
10,ISIA-110,L2,11525,Martes,07:00,07:50,ABANTO CABRERA HEBER GERSON
10,ISIA-110,L2,11525,Martes,07:55,08:45,ABANTO CABRERA HEBER GERSON
10,ISIA-110,L2,11525,Martes,08:50,09:40,ABANTO CABRERA HEBER GERSON
10,ISIA-110,L2,11525,Martes,09:45,10:35,ABANTO CABRERA HEBER GERSON
10,ISIA-113,L1,9620,Martes,19:50,20:40,CUEVA CHAVEZ WALTER MANUEL
10,ISIA-113,L1,9620,Martes,20:45,21:35,CUEVA CHAVEZ WALTER MANUEL
10,ISIA-111,L1,12170,Lunes,19:50,20:40,CABALLERO ALVARADO ARMANDO JAVIER
10,ISIA-111,L1,12170,Lunes,20:45,21:35,CABALLERO ALVARADO ARMANDO JAVIER
11,ISIA-109,T1,9560,Jueves,14:20,15:10,VASQUEZ PEREYRA JOSE HUMBERTO
11,ISIA-109,T1,9560,Jueves,15:15,16:05,VASQUEZ PEREYRA JOSE HUMBERTO
11,ISIA-110,L2,11525,Martes,07:00,07:50,ABANTO CABRERA HEBER GERSON
11,ISIA-110,L2,11525,Martes,07:55,08:45,ABANTO CABRERA HEBER GERSON
11,ISIA-110,L2,11525,Martes,08:50,09:40,ABANTO CABRERA HEBER GERSON
11,ISIA-110,L2,11525,Martes,09:45,10:35,ABANTO CABRERA HEBER GERSON
11,ISIA-113,L1,9620,Martes,19:50,20:40,CUEVA CHAVEZ WALTER MANUEL
11,ISIA-113,L1,9620,Martes,20:45,21:35,CUEVA CHAVEZ WALTER MANUEL
11,ISIA-111,T1,9634,Lunes,16:10,17:00,CABALLERO ALVARADO ARMANDO JAVIER
11,ISIA-111,T1,9634,Lunes,17:05,17:55,CABALLERO ALVARADO ARMANDO JAVIER
12,ISIA-109,T1,9560,Jueves,14:20,15:10,VASQUEZ PEREYRA JOSE HUMBERTO
12,ISIA-109,T1,9560,Jueves,15:15,16:05,VASQUEZ PEREYRA JOSE HUMBERTO
12,ISIA-110,L2,11525,Martes,07:00,07:50,ABANTO CABRERA HEBER GERSON
12,ISIA-110,L2,11525,Martes,07:55,08:45,ABANTO CABRERA HEBER GERSON
12,ISIA-110,L2,11525,Martes,08:50,09:40,ABANTO CABRERA HEBER GERSON
12,ISIA-110,L2,11525,Martes,09:45,10:35,ABANTO CABRERA HEBER GERSON
12,ISIA-113,L1,9620,Martes,19:50,20:40,CUEVA CHAVEZ WALTER MANUEL
12,ISIA-113,L1,9620,Martes,20:45,21:35,CUEVA CHAVEZ WALTER MANUEL
12,ISIA-111,L1,9635,Lunes,18:00,18:50,CABALLERO ALVARADO ARMANDO JAVIER
12,ISIA-111,L1,9635,Lunes,18:55,19:45,CABALLERO ALVARADO ARMANDO JAVIER
13,ISIA-109,T1,9560,Jueves,14:20,15:10,VASQUEZ PEREYRA JOSE HUMBERTO
13,ISIA-109,T1,9560,Jueves,15:15,16:05,VASQUEZ PEREYRA JOSE HUMBERTO
13,ISIA-110,L2,11525,Martes,07:00,07:50,ABANTO CABRERA HEBER GERSON
13,ISIA-110,L2,11525,Martes,07:55,08:45,ABANTO CABRERA HEBER GERSON
13,ISIA-110,L2,11525,Martes,08:50,09:40,ABANTO CABRERA HEBER GERSON
13,ISIA-110,L2,11525,Martes,09:45,10:35,ABANTO CABRERA HEBER GERSON
13,ISIA-113,T2,9622,Miércoles,18:00,18:50,CUEVA CHAVEZ WALTER MANUEL
13,ISIA-113,T2,9622,Miércoles,18:55,19:45,CUEVA CHAVEZ WALTER MANUEL
13,ISIA-111,L1,12170,Lunes,19:50,20:40,CABALLERO ALVARADO ARMANDO JAVIER
13,ISIA-111,L1,12170,Lunes,20:45,21:35,CABALLERO ALVARADO ARMANDO JAVIER
14,ISIA-109,T1,9560,Jueves,14:20,15:10,VASQUEZ PEREYRA JOSE HUMBERTO
14,ISIA-109,T1,9560,Jueves,15:15,16:05,VASQUEZ PEREYRA JOSE HUMBERTO
14,ISIA-110,L2,11525,Martes,07:00,07:50,ABANTO CABRERA HEBER GERSON
14,ISIA-110,L2,11525,Martes,07:55,08:45,ABANTO CABRERA HEBER GERSON
14,ISIA-110,L2,11525,Martes,08:50,09:40,ABANTO CABRERA HEBER GERSON
14,ISIA-110,L2,11525,Martes,09:45,10:35,ABANTO CABRERA HEBER GERSON
14,ISIA-113,T2,9622,Miércoles,18:00,18:50,CUEVA CHAVEZ WALTER MANUEL
14,ISIA-113,T2,9622,Miércoles,18:55,19:45,CUEVA CHAVEZ WALTER MANUEL
14,ISIA-111,T1,9634,Lunes,16:10,17:00,CABALLERO ALVARADO ARMANDO JAVIER
14,ISIA-111,T1,9634,Lunes,17:05,17:55,CABALLERO ALVARADO ARMANDO JAVIER
15,ISIA-109,T1,9560,Jueves,14:20,15:10,VASQUEZ PEREYRA JOSE HUMBERTO
15,ISIA-109,T1,9560,Jueves,15:15,16:05,VASQUEZ PEREYRA JOSE HUMBERTO
15,ISIA-110,L2,11525,Martes,07:00,07:50,ABANTO CABRERA HEBER GERSON
15,ISIA-110,L2,11525,Martes,07:55,08:45,ABANTO CABRERA HEBER GERSON
15,ISIA-110,L2,11525,Martes,08:50,09:40,ABANTO CABRERA HEBER GERSON
15,ISIA-110,L2,11525,Martes,09:45,10:35,ABANTO CABRERA HEBER GERSON
15,ISIA-113,T2,9622,Miércoles,18:00,18:50,CUEVA CHAVEZ WALTER MANUEL
15,ISIA-113,T2,9622,Miércoles,18:55,19:45,CUEVA CHAVEZ WALTER MANUEL
15,ISIA-111,L1,9635,Lunes,18:00,18:50,CABALLERO ALVARADO ARMANDO JAVIER
15,ISIA-111,L1,9635,Lunes,18:55,19:45,CABALLERO ALVARADO ARMANDO JAVIER
16,ISIA-109,T1,9560,Jueves,14:20,15:10,VASQUEZ PEREYRA JOSE HUMBERTO
16,ISIA-109,T1,9560,Jueves,15:15,16:05,VASQUEZ PEREYRA JOSE HUMBERTO
16,ISIA-110,L2,11525,Martes,07:00,07:50,ABANTO CABRERA HEBER GERSON
16,ISIA-110,L2,11525,Martes,07:55,08:45,ABANTO CABRERA HEBER GERSON
16,ISIA-110,L2,11525,Martes,08:50,09:40,ABANTO CABRERA HEBER GERSON
16,ISIA-110,L2,11525,Martes,09:45,10:35,ABANTO CABRERA HEBER GERSON
16,ISIA-113,L2,9623,Miércoles,19:50,20:40,CUEVA CHAVEZ WALTER MANUEL
16,ISIA-113,L2,9623,Miércoles,20:45,21:35,CUEVA CHAVEZ WALTER MANUEL
16,ISIA-111,L1,12170,Lunes,19:50,20:40,CABALLERO ALVARADO ARMANDO JAVIER
16,ISIA-111,L1,12170,Lunes,20:45,21:35,CABALLERO ALVARADO ARMANDO JAVIER
17,ISIA-109,T1,9560,Jueves,14:20,15:10,VASQUEZ PEREYRA JOSE HUMBERTO
17,ISIA-109,T1,9560,Jueves,15:15,16:05,VASQUEZ PEREYRA JOSE HUMBERTO
17,ISIA-110,L2,11525,Martes,07:00,07:50,ABANTO CABRERA HEBER GERSON
17,ISIA-110,L2,11525,Martes,07:55,08:45,ABANTO CABRERA HEBER GERSON
17,ISIA-110,L2,11525,Martes,08:50,09:40,ABANTO CABRERA HEBER GERSON
17,ISIA-110,L2,11525,Martes,09:45,10:35,ABANTO CABRERA HEBER GERSON
17,ISIA-113,L2,9623,Miércoles,19:50,20:40,CUEVA CHAVEZ WALTER MANUEL
17,ISIA-113,L2,9623,Miércoles,20:45,21:35,CUEVA CHAVEZ WALTER MANUEL
17,ISIA-111,T1,9634,Lunes,16:10,17:00,CABALLERO ALVARADO ARMANDO JAVIER
17,ISIA-111,T1,9634,Lunes,17:05,17:55,CABALLERO ALVARADO ARMANDO JAVIER
18,ISIA-109,T1,9560,Jueves,14:20,15:10,VASQUEZ PEREYRA JOSE HUMBERTO
18,ISIA-109,T1,9560,Jueves,15:15,16:05,VASQUEZ PEREYRA JOSE HUMBERTO
18,ISIA-110,L2,11525,Martes,07:00,07:50,ABANTO CABRERA HEBER GERSON
18,ISIA-110,L2,11525,Martes,07:55,08:45,ABANTO CABRERA HEBER GERSON
18,ISIA-110,L2,11525,Martes,08:50,09:40,ABANTO CABRERA HEBER GERSON
18,ISIA-110,L2,11525,Martes,09:45,10:35,ABANTO CABRERA HEBER GERSON
18,ISIA-113,L2,9623,Miércoles,19:50,20:40,CUEVA CHAVEZ WALTER MANUEL
18,ISIA-113,L2,9623,Miércoles,20:45,21:35,CUEVA CHAVEZ WALTER MANUEL
18,ISIA-111,L1,9635,Lunes,18:00,18:50,CABALLERO ALVARADO ARMANDO JAVIER
18,ISIA-111,L1,9635,Lunes,18:55,19:45,CABALLERO ALVARADO ARMANDO JAVIER
19,ISIA-109,T1,9560,Jueves,14:20,15:10,VASQUEZ PEREYRA JOSE HUMBERTO
19,ISIA-109,T1,9560,Jueves,15:15,16:05,VASQUEZ PEREYRA JOSE HUMBERTO
19,ISIA-110,T3,11530,Lunes,07:00,07:50,ABANTO CABRERA HEBER GERSON
19,ISIA-110,T3,11530,Lunes,07:55,08:45,ABANTO CABRERA HEBER GERSON
19,ISIA-113,L2,11846,Viernes,07:00,07:50,CUEVA CHAVEZ WALTER MANUEL
19,ISIA-113,L2,11846,Viernes,07:55,08:45,CUEVA CHAVEZ WALTER MANUEL
19,ISIA-111,L1,12170,Lunes,19:50,20:40,CABALLERO ALVARADO ARMANDO JAVIER
19,ISIA-111,L1,12170,Lunes,20:45,21:35,CABALLERO ALVARADO ARMANDO JAVIER
20,ISIA-109,T1,9560,Jueves,14:20,15:10,VASQUEZ PEREYRA JOSE HUMBERTO
20,ISIA-109,T1,9560,Jueves,15:15,16:05,VASQUEZ PEREYRA JOSE HUMBERTO
20,ISIA-110,T3,11530,Lunes,07:00,07:50,ABANTO CABRERA HEBER GERSON
20,ISIA-110,T3,11530,Lunes,07:55,08:45,ABANTO CABRERA HEBER GERSON
20,ISIA-113,L2,11846,Viernes,07:00,07:50,CUEVA CHAVEZ WALTER MANUEL
20,ISIA-113,L2,11846,Viernes,07:55,08:45,CUEVA CHAVEZ WALTER MANUEL
20,ISIA-111,T1,9634,Lunes,16:10,17:00,CABALLERO ALVARADO ARMANDO JAVIER
20,ISIA-111,T1,9634,Lunes,17:05,17:55,CABALLERO ALVARADO ARMANDO JAVIER
21,ISIA-109,T1,9560,JUE,14:20,15:10,VASQUEZ PEREYRA JOSE HUMBERTO
21,ISIA-109,T1,9560,JUE,15:15,16:05,VASQUEZ PEREYRA JOSE HUMBERTO
21,ISIA-110,T3,11530,LUN,07:00,07:50,ABANTO CABRERA HEBER GERSON
21,ISIA-110,T3,11530,LUN,07:55,08:45,ABANTO CABRERA HEBER GERSON
21,ISIA-113,L2,11846,VIE,07:00,07:50,CUEVA CHAVEZ WALTER MANUEL
21,ISIA-113,L2,11846,VIE,07:55,08:45,CUEVA CHAVEZ WALTER MANUEL
21,ISIA-111,L1,9635,LUN,18:00,18:50,CABALLERO ALVARADO ARMANDO JAVIER
21,ISIA-111,L1,9635,LUN,18:55,19:45,CABALLERO ALVARADO ARMANDO JAVIER
22,ISIA-109,T1,9560,JUE,14:20,15:10,VASQUEZ PEREYRA JOSE HUMBERTO
22,ISIA-109,T1,9560,JUE,15:15,16:05,VASQUEZ PEREYRA JOSE HUMBERTO
22,ISIA-110,T3,11530,LUN,07:00,07:50,ABANTO CABRERA HEBER GERSON
22,ISIA-110,T3,11530,LUN,07:55,08:45,ABANTO CABRERA HEBER GERSON
22,ISIA-113,L3,11848,JUE,16:10,17:00,CUEVA CHAVEZ WALTER MANUEL
22,ISIA-113,L3,11848,JUE,17:05,17:55,CUEVA CHAVEZ WALTER MANUEL
22,ISIA-111,L1,12170,LUN,19:50,20:40,CABALLERO ALVARADO ARMANDO JAVIER
22,ISIA-111,L1,12170,LUN,20:45,21:35,CABALLERO ALVARADO ARMANDO JAVIER
23,ISIA-109,T1,9560,JUE,14:20,15:10,VASQUEZ PEREYRA JOSE HUMBERTO
23,ISIA-109,T1,9560,JUE,15:15,16:05,VASQUEZ PEREYRA JOSE HUMBERTO
23,ISIA-110,T3,11530,LUN,07:00,07:50,ABANTO CABRERA HEBER GERSON
23,ISIA-110,T3,11530,LUN,07:55,08:45,ABANTO CABRERA HEBER GERSON
23,ISIA-113,L3,11848,JUE,16:10,17:00,CUEVA CHAVEZ WALTER MANUEL
23,ISIA-113,L3,11848,JUE,17:05,17:55,CUEVA CHAVEZ WALTER MANUEL
23,ISIA-111,T1,9634,LUN,16:10,17:00,CABALLERO ALVARADO ARMANDO JAVIER
23,ISIA-111,T1,9634,LUN,17:05,17:55,CABALLERO ALVARADO ARMANDO JAVIER
24,ISIA-109,T1,9560,JUE,14:20,15:10,VASQUEZ PEREYRA JOSE HUMBERTO
24,ISIA-109,T1,9560,JUE,15:15,16:05,VASQUEZ PEREYRA JOSE HUMBERTO
24,ISIA-110,T3,11530,LUN,07:00,07:50,ABANTO CABRERA HEBER GERSON
24,ISIA-110,T3,11530,LUN,07:55,08:45,ABANTO CABRERA HEBER GERSON
24,ISIA-113,L3,11848,JUE,16:10,17:00,CUEVA CHAVEZ WALTER MANUEL
24,ISIA-113,L3,11848,JUE,17:05,17:55,CUEVA CHAVEZ WALTER MANUEL
24,ISIA-111,L1,9635,LUN,18:00,18:50,CABALLERO ALVARADO ARMANDO JAVIER
24,ISIA-111,L1,9635,LUN,18:55,19:45,CABALLERO ALVARADO ARMANDO JAVIER
25,ISIA-109,T1,9560,JUE,14:20,15:10,VASQUEZ PEREYRA JOSE HUMBERTO
25,ISIA-109,T1,9560,JUE,15:15,16:05,VASQUEZ PEREYRA JOSE HUMBERTO
25,ISIA-110,T3,11530,LUN,07:00,07:50,ABANTO CABRERA HEBER GERSON
25,ISIA-110,T3,11530,LUN,07:55,08:45,ABANTO CABRERA HEBER GERSON
25,ISIA-113,T1,9619,MAR,18:00,18:50,CUEVA CHAVEZ WALTER MANUEL
25,ISIA-113,T1,9619,MAR,18:55,19:45,CUEVA CHAVEZ WALTER MANUEL
25,ISIA-111,L1,12170,LUN,19:50,20:40,CABALLERO ALVARADO ARMANDO JAVIER
25,ISIA-111,L1,12170,LUN,20:45,21:35,CABALLERO ALVARADO ARMANDO JAVIER
26,ISIA-109,T1,9560,JUE,14:20,15:10,VASQUEZ PEREYRA JOSE HUMBERTO
26,ISIA-109,T1,9560,JUE,15:15,16:05,VASQUEZ PEREYRA JOSE HUMBERTO
26,ISIA-110,T3,11530,LUN,07:00,07:50,ABANTO CABRERA HEBER GERSON
26,ISIA-110,T3,11530,LUN,07:55,08:45,ABANTO CABRERA HEBER GERSON
26,ISIA-113,T1,9619,MAR,18:00,18:50,CUEVA CHAVEZ WALTER MANUEL
26,ISIA-113,T1,9619,MAR,18:55,19:45,CUEVA CHAVEZ WALTER MANUEL
26,ISIA-111,T1,9634,LUN,16:10,17:00,CABALLERO ALVARADO ARMANDO JAVIER
26,ISIA-111,T1,9634,LUN,17:05,17:55,CABALLERO ALVARADO ARMANDO JAVIER
27,ISIA-109,T1,9560,JUE,14:20,15:10,VASQUEZ PEREYRA JOSE HUMBERTO
27,ISIA-109,T1,9560,JUE,15:15,16:05,VASQUEZ PEREYRA JOSE HUMBERTO
27,ISIA-110,T3,11530,LUN,07:00,07:50,ABANTO CABRERA HEBER GERSON
27,ISIA-110,T3,11530,LUN,07:55,08:45,ABANTO CABRERA HEBER GERSON
27,ISIA-113,T1,9619,MAR,18:00,18:50,CUEVA CHAVEZ WALTER MANUEL
27,ISIA-113,T1,9619,MAR,18:55,19:45,CUEVA CHAVEZ WALTER MANUEL
27,ISIA-111,L1,9635,LUN,18:00,18:50,CABALLERO ALVARADO ARMANDO JAVIER
27,ISIA-111,L1,9635,LUN,18:55,19:45,CABALLERO ALVARADO ARMANDO JAVIER
28,ISIA-109,T1,9560,JUE,14:20,15:10,VASQUEZ PEREYRA JOSE HUMBERTO
28,ISIA-109,T1,9560,JUE,15:15,16:05,VASQUEZ PEREYRA JOSE HUMBERTO
28,ISIA-110,T3,11530,LUN,07:00,07:50,ABANTO CABRERA HEBER GERSON
28,ISIA-110,T3,11530,LUN,07:55,08:45,ABANTO CABRERA HEBER GERSON
28,ISIA-113,L1,9620,MAR,19:50,20:40,CUEVA CHAVEZ WALTER MANUEL
28,ISIA-113,L1,9620,MAR,20:45,21:35,CUEVA CHAVEZ WALTER MANUEL
28,ISIA-111,L1,12170,LUN,19:50,20:40,CABALLERO ALVARADO ARMANDO JAVIER
28,ISIA-111,L1,12170,LUN,20:45,21:35,CABALLERO ALVARADO ARMANDO JAVIER
29,ISIA-109,T1,9560,JUE,14:20,15:10,VASQUEZ PEREYRA JOSE HUMBERTO
29,ISIA-109,T1,9560,JUE,15:15,16:05,VASQUEZ PEREYRA JOSE HUMBERTO
29,ISIA-110,T3,11530,LUN,07:00,07:50,ABANTO CABRERA HEBER GERSON
29,ISIA-110,T3,11530,LUN,07:55,08:45,ABANTO CABRERA HEBER GERSON
29,ISIA-113,L1,9620,MAR,19:50,20:40,CUEVA CHAVEZ WALTER MANUEL
29,ISIA-113,L1,9620,MAR,20:45,21:35,CUEVA CHAVEZ WALTER MANUEL
29,ISIA-111,T1,9634,LUN,16:10,17:00,CABALLERO ALVARADO ARMANDO JAVIER
29,ISIA-111,T1,9634,LUN,17:05,17:55,CABALLERO ALVARADO ARMANDO JAVIER
30,ISIA-109,T1,9560,JUE,14:20,15:10,VASQUEZ PEREYRA JOSE HUMBERTO
30,ISIA-109,T1,9560,JUE,15:15,16:05,VASQUEZ PEREYRA JOSE HUMBERTO
30,ISIA-110,T3,11530,LUN,07:00,07:50,ABANTO CABRERA HEBER GERSON
30,ISIA-110,T3,11530,LUN,07:55,08:45,ABANTO CABRERA HEBER GERSON
30,ISIA-113,L1,9620,MAR,19:50,20:40,CUEVA CHAVEZ WALTER MANUEL
30,ISIA-113,L1,9620,MAR,20:45,21:35,CUEVA CHAVEZ WALTER MANUEL
30,ISIA-111,L1,9635,LUN,18:00,18:50,CABALLERO ALVARADO ARMANDO JAVIER
30,ISIA-111,L1,9635,LUN,18:55,19:45,CABALLERO ALVARADO ARMANDO JAVIER
31,ISIA-109,T1,9560,JUE,14:20,15:10,VASQUEZ PEREYRA JOSE HUMBERTO
31,ISIA-109,T1,9560,JUE,15:15,16:05,VASQUEZ PEREYRA JOSE HUMBERTO
31,ISIA-110,T3,11530,LUN,07:00,07:50,ABANTO CABRERA HEBER GERSON
31,ISIA-110,T3,11530,LUN,07:55,08:45,ABANTO CABRERA HEBER GERSON
31,ISIA-113,T2,9622,MIE,18:00,18:50,CUEVA CHAVEZ WALTER MANUEL
31,ISIA-113,T2,9622,MIE,18:55,19:45,CUEVA CHAVEZ WALTER MANUEL
31,ISIA-111,L1,12170,LUN,19:50,20:40,CABALLERO ALVARADO ARMANDO JAVIER
31,ISIA-111,L1,12170,LUN,20:45,21:35,CABALLERO ALVARADO ARMANDO JAVIER
32,ISIA-109,T1,9560,JUE,14:20,15:10,VASQUEZ PEREYRA JOSE HUMBERTO
32,ISIA-109,T1,9560,JUE,15:15,16:05,VASQUEZ PEREYRA JOSE HUMBERTO
32,ISIA-110,T3,11530,LUN,07:00,07:50,ABANTO CABRERA HEBER GERSON
32,ISIA-110,T3,11530,LUN,07:55,08:45,ABANTO CABRERA HEBER GERSON
32,ISIA-113,T2,9622,MIE,18:00,18:50,CUEVA CHAVEZ WALTER MANUEL
32,ISIA-113,T2,9622,MIE,18:55,19:45,CUEVA CHAVEZ WALTER MANUEL
32,ISIA-111,T1,9634,LUN,16:10,17:00,CABALLERO ALVARADO ARMANDO JAVIER
32,ISIA-111,T1,9634,LUN,17:05,17:55,CABALLERO ALVARADO ARMANDO JAVIER
33,ISIA-109,T1,9560,JUE,14:20,15:10,VASQUEZ PEREYRA JOSE HUMBERTO
33,ISIA-109,T1,9560,JUE,15:15,16:05,VASQUEZ PEREYRA JOSE HUMBERTO
33,ISIA-110,T3,11530,LUN,07:00,07:50,ABANTO CABRERA HEBER GERSON
33,ISIA-110,T3,11530,LUN,07:55,08:45,ABANTO CABRERA HEBER GERSON
33,ISIA-113,T2,9622,MIE,18:00,18:50,CUEVA CHAVEZ WALTER MANUEL
33,ISIA-113,T2,9622,MIE,18:55,19:45,CUEVA CHAVEZ WALTER MANUEL
33,ISIA-111,L1,9635,LUN,18:00,18:50,CABALLERO ALVARADO ARMANDO JAVIER
33,ISIA-111,L1,9635,LUN,18:55,19:45,CABALLERO ALVARADO ARMANDO JAVIER
34,ISIA-109,T1,9560,JUE,14:20,15:10,VASQUEZ PEREYRA JOSE HUMBERTO
34,ISIA-109,T1,9560,JUE,15:15,16:05,VASQUEZ PEREYRA JOSE HUMBERTO
34,ISIA-110,T3,11530,LUN,07:00,07:50,ABANTO CABRERA HEBER GERSON
34,ISIA-110,T3,11530,LUN,07:55,08:45,ABANTO CABRERA HEBER GERSON
34,ISIA-113,L2,9623,MIE,19:50,20:40,CUEVA CHAVEZ WALTER MANUEL
34,ISIA-113,L2,9623,MIE,20:45,21:35,CUEVA CHAVEZ WALTER MANUEL
34,ISIA-111,L1,12170,LUN,19:50,20:40,CABALLERO ALVARADO ARMANDO JAVIER
34,ISIA-111,L1,12170,LUN,20:45,21:35,CABALLERO ALVARADO ARMANDO JAVIER
35,ISIA-109,T1,9560,JUE,14:20,15:10,VASQUEZ PEREYRA JOSE HUMBERTO
35,ISIA-109,T1,9560,JUE,15:15,16:05,VASQUEZ PEREYRA JOSE HUMBERTO
35,ISIA-110,T3,11530,LUN,07:00,07:50,ABANTO CABRERA HEBER GERSON
35,ISIA-110,T3,11530,LUN,07:55,08:45,ABANTO CABRERA HEBER GERSON
35,ISIA-113,L2,9623,MIE,19:50,20:40,CUEVA CHAVEZ WALTER MANUEL
35,ISIA-113,L2,9623,MIE,20:45,21:35,CUEVA CHAVEZ WALTER MANUEL
35,ISIA-111,T1,9634,LUN,16:10,17:00,CABALLERO ALVARADO ARMANDO JAVIER
35,ISIA-111,T1,9634,LUN,17:05,17:55,CABALLERO ALVARADO ARMANDO JAVIER
36,ISIA-109,T1,9560,JUE,14:20,15:10,VASQUEZ PEREYRA JOSE HUMBERTO
36,ISIA-109,T1,9560,JUE,15:15,16:05,VASQUEZ PEREYRA JOSE HUMBERTO
36,ISIA-110,T3,11530,LUN,07:00,07:50,ABANTO CABRERA HEBER GERSON
36,ISIA-110,T3,11530,LUN,07:55,08:45,ABANTO CABRERA HEBER GERSON
36,ISIA-113,L2,9623,MIE,19:50,20:40,CUEVA CHAVEZ WALTER MANUEL
36,ISIA-113,L2,9623,MIE,20:45,21:35,CUEVA CHAVEZ WALTER MANUEL
36,ISIA-111,L1,9635,LUN,18:00,18:50,CABALLERO ALVARADO ARMANDO JAVIER
36,ISIA-111,L1,9635,LUN,18:55,19:45,CABALLERO ALVARADO ARMANDO JAVIER
37,ISIA-109,T1,9560,JUE,14:20,15:10,VASQUEZ PEREYRA JOSE HUMBERTO
37,ISIA-109,T1,9560,JUE,15:15,16:05,VASQUEZ PEREYRA JOSE HUMBERTO
37,ISIA-110,L3,11531,VIE,07:00,07:50,ABANTO CABRERA HEBER GERSON
37,ISIA-110,L3,11531,VIE,07:55,08:45,ABANTO CABRERA HEBER GERSON
37,ISIA-110,L3,11531,VIE,08:50,09:40,ABANTO CABRERA HEBER GERSON
37,ISIA-110,L3,11531,VIE,09:45,10:35,ABANTO CABRERA HEBER GERSON
37,ISIA-113,L3,11848,JUE,16:10,17:00,CUEVA CHAVEZ WALTER MANUEL
37,ISIA-113,L3,11848,JUE,17:05,17:55,CUEVA CHAVEZ WALTER MANUEL
37,ISIA-111,L1,12170,LUN,19:50,20:40,CABALLERO ALVARADO ARMANDO JAVIER
37,ISIA-111,L1,12170,LUN,20:45,21:35,CABALLERO ALVARADO ARMANDO JAVIER
38,ISIA-109,T1,9560,JUE,14:20,15:10,VASQUEZ PEREYRA JOSE HUMBERTO
38,ISIA-109,T1,9560,JUE,15:15,16:05,VASQUEZ PEREYRA JOSE HUMBERTO
38,ISIA-110,L3,11531,VIE,07:00,07:50,ABANTO CABRERA HEBER GERSON
38,ISIA-110,L3,11531,VIE,07:55,08:45,ABANTO CABRERA HEBER GERSON
38,ISIA-110,L3,11531,VIE,08:50,09:40,ABANTO CABRERA HEBER GERSON
38,ISIA-110,L3,11531,VIE,09:45,10:35,ABANTO CABRERA HEBER GERSON
38,ISIA-113,L3,11848,JUE,16:10,17:00,CUEVA CHAVEZ WALTER MANUEL
38,ISIA-113,L3,11848,JUE,17:05,17:55,CUEVA CHAVEZ WALTER MANUEL
38,ISIA-111,T1,9634,LUN,16:10,17:00,CABALLERO ALVARADO ARMANDO JAVIER
38,ISIA-111,T1,9634,LUN,17:05,17:55,CABALLERO ALVARADO ARMANDO JAVIER
39,ISIA-109,T1,9560,JUE,14:20,15:10,VASQUEZ PEREYRA JOSE HUMBERTO
39,ISIA-109,T1,9560,JUE,15:15,16:05,VASQUEZ PEREYRA JOSE HUMBERTO
39,ISIA-110,L3,11531,VIE,07:00,07:50,ABANTO CABRERA HEBER GERSON
39,ISIA-110,L3,11531,VIE,07:55,08:45,ABANTO CABRERA HEBER GERSON
39,ISIA-110,L3,11531,VIE,08:50,09:40,ABANTO CABRERA HEBER GERSON
39,ISIA-110,L3,11531,VIE,09:45,10:35,ABANTO CABRERA HEBER GERSON
39,ISIA-113,L3,11848,JUE,16:10,17:00,CUEVA CHAVEZ WALTER MANUEL
39,ISIA-113,L3,11848,JUE,17:05,17:55,CUEVA CHAVEZ WALTER MANUEL
39,ISIA-111,L1,9635,LUN,18:00,18:50,CABALLERO ALVARADO ARMANDO JAVIER
39,ISIA-111,L1,9635,LUN,18:55,19:45,CABALLERO ALVARADO ARMANDO JAVIER
40,ISIA-109,T1,9560,JUE,14:20,15:10,VASQUEZ PEREYRA JOSE HUMBERTO
40,ISIA-109,T1,9560,JUE,15:15,16:05,VASQUEZ PEREYRA JOSE HUMBERTO
40,ISIA-110,L3,11531,VIE,07:00,07:50,ABANTO CABRERA HEBER GERSON
40,ISIA-110,L3,11531,VIE,07:55,08:45,ABANTO CABRERA HEBER GERSON
40,ISIA-110,L3,11531,VIE,08:50,09:40,ABANTO CABRERA HEBER GERSON
40,ISIA-110,L3,11531,VIE,09:45,10:35,ABANTO CABRERA HEBER GERSON
40,ISIA-113,T1,9619,MAR,18:00,18:50,CUEVA CHAVEZ WALTER MANUEL
40,ISIA-113,T1,9619,MAR,18:55,19:45,CUEVA CHAVEZ WALTER MANUEL
40,ISIA-111,L1,12170,LUN,19:50,20:40,CABALLERO ALVARADO ARMANDO JAVIER
40,ISIA-111,L1,12170,LUN,20:45,21:35,CABALLERO ALVARADO ARMANDO JAVIER
41,ISIA-109,T1,9560,JUE,14:20,15:10,VASQUEZ PEREYRA JOSE HUMBERTO
41,ISIA-109,T1,9560,JUE,15:15,16:05,VASQUEZ PEREYRA JOSE HUMBERTO
41,ISIA-110,L3,11531,VIE,07:00,07:50,ABANTO CABRERA HEBER GERSON
41,ISIA-110,L3,11531,VIE,07:55,08:45,ABANTO CABRERA HEBER GERSON
41,ISIA-110,L3,11531,VIE,08:50,09:40,ABANTO CABRERA HEBER GERSON
41,ISIA-110,L3,11531,VIE,09:45,10:35,ABANTO CABRERA HEBER GERSON
41,ISIA-113,T1,9619,MAR,18:00,18:50,CUEVA CHAVEZ WALTER MANUEL
41,ISIA-113,T1,9619,MAR,18:55,19:45,CUEVA CHAVEZ WALTER MANUEL
41,ISIA-111,T1,9634,LUN,16:10,17:00,CABALLERO ALVARADO ARMANDO JAVIER
41,ISIA-111,T1,9634,LUN,17:05,17:55,CABALLERO ALVARADO ARMANDO JAVIER
42,ISIA-109,T1,9560,JUE,14:20,15:10,VASQUEZ PEREYRA JOSE HUMBERTO
42,ISIA-109,T1,9560,JUE,15:15,16:05,VASQUEZ PEREYRA JOSE HUMBERTO
42,ISIA-110,L3,11531,VIE,07:00,07:50,ABANTO CABRERA HEBER GERSON
42,ISIA-110,L3,11531,VIE,07:55,08:45,ABANTO CABRERA HEBER GERSON
42,ISIA-110,L3,11531,VIE,08:50,09:40,ABANTO CABRERA HEBER GERSON
42,ISIA-110,L3,11531,VIE,09:45,10:35,ABANTO CABRERA HEBER GERSON
42,ISIA-113,T1,9619,MAR,18:00,18:50,CUEVA CHAVEZ WALTER MANUEL
42,ISIA-113,T1,9619,MAR,18:55,19:45,CUEVA CHAVEZ WALTER MANUEL
42,ISIA-111,L1,9635,LUN,18:00,18:50,CABALLERO ALVARADO ARMANDO JAVIER
42,ISIA-111,L1,9635,LUN,18:55,19:45,CABALLERO ALVARADO ARMANDO JAVIER
43,ISIA-109,T1,9560,JUE,14:20,15:10,VASQUEZ PEREYRA JOSE HUMBERTO
43,ISIA-109,T1,9560,JUE,15:15,16:05,VASQUEZ PEREYRA JOSE HUMBERTO
43,ISIA-110,L3,11531,VIE,07:00,07:50,ABANTO CABRERA HEBER GERSON
43,ISIA-110,L3,11531,VIE,07:55,08:45,ABANTO CABRERA HEBER GERSON
43,ISIA-110,L3,11531,VIE,08:50,09:40,ABANTO CABRERA HEBER GERSON
43,ISIA-110,L3,11531,VIE,09:45,10:35,ABANTO CABRERA HEBER GERSON
43,ISIA-113,L1,9620,MAR,19:50,20:40,CUEVA CHAVEZ WALTER MANUEL
43,ISIA-113,L1,9620,MAR,20:45,21:35,CUEVA CHAVEZ WALTER MANUEL
43,ISIA-111,L1,12170,LUN,19:50,20:40,CABALLERO ALVARADO ARMANDO JAVIER
43,ISIA-111,L1,12170,LUN,20:45,21:35,CABALLERO ALVARADO ARMANDO JAVIER
44,ISIA-109,T1,9560,JUE,14:20,15:10,VASQUEZ PEREYRA JOSE HUMBERTO
44,ISIA-109,T1,9560,JUE,15:15,16:05,VASQUEZ PEREYRA JOSE HUMBERTO
44,ISIA-110,L3,11531,VIE,07:00,07:50,ABANTO CABRERA HEBER GERSON
44,ISIA-110,L3,11531,VIE,07:55,08:45,ABANTO CABRERA HEBER GERSON
44,ISIA-110,L3,11531,VIE,08:50,09:40,ABANTO CABRERA HEBER GERSON
44,ISIA-110,L3,11531,VIE,09:45,10:35,ABANTO CABRERA HEBER GERSON
44,ISIA-113,L1,9620,MAR,19:50,20:40,CUEVA CHAVEZ WALTER MANUEL
44,ISIA-113,L1,9620,MAR,20:45,21:35,CUEVA CHAVEZ WALTER MANUEL
44,ISIA-111,T1,9634,LUN,16:10,17:00,CABALLERO ALVARADO ARMANDO JAVIER
44,ISIA-111,T1,9634,LUN,17:05,17:55,CABALLERO ALVARADO ARMANDO JAVIER
45,ISIA-109,T1,9560,JUE,14:20,15:10,VASQUEZ PEREYRA JOSE HUMBERTO
45,ISIA-109,T1,9560,JUE,15:15,16:05,VASQUEZ PEREYRA JOSE HUMBERTO
45,ISIA-110,L3,11531,VIE,07:00,07:50,ABANTO CABRERA HEBER GERSON
45,ISIA-110,L3,11531,VIE,07:55,08:45,ABANTO CABRERA HEBER GERSON
45,ISIA-110,L3,11531,VIE,08:50,09:40,ABANTO CABRERA HEBER GERSON
45,ISIA-110,L3,11531,VIE,09:45,10:35,ABANTO CABRERA HEBER GERSON
45,ISIA-113,L1,9620,MAR,19:50,20:40,CUEVA CHAVEZ WALTER MANUEL
45,ISIA-113,L1,9620,MAR,20:45,21:35,CUEVA CHAVEZ WALTER MANUEL
45,ISIA-111,L1,9635,LUN,18:00,18:50,CABALLERO ALVARADO ARMANDO JAVIER
45,ISIA-111,L1,9635,LUN,18:55,19:45,CABALLERO ALVARADO ARMANDO JAVIER
46,ISIA-109,T1,9560,JUE,14:20,15:10,VASQUEZ PEREYRA JOSE HUMBERTO
46,ISIA-109,T1,9560,JUE,15:15,16:05,VASQUEZ PEREYRA JOSE HUMBERTO
46,ISIA-110,L3,11531,VIE,07:00,07:50,ABANTO CABRERA HEBER GERSON
46,ISIA-110,L3,11531,VIE,07:55,08:45,ABANTO CABRERA HEBER GERSON
46,ISIA-110,L3,11531,VIE,08:50,09:40,ABANTO CABRERA HEBER GERSON
46,ISIA-110,L3,11531,VIE,09:45,10:35,ABANTO CABRERA HEBER GERSON
46,ISIA-113,T2,9622,MIE,18:00,18:50,CUEVA CHAVEZ WALTER MANUEL
46,ISIA-113,T2,9622,MIE,18:55,19:45,CUEVA CHAVEZ WALTER MANUEL
46,ISIA-111,L1,12170,LUN,19:50,20:40,CABALLERO ALVARADO ARMANDO JAVIER
46,ISIA-111,L1,12170,LUN,20:45,21:35,CABALLERO ALVARADO ARMANDO JAVIER
47,ISIA-109,T1,9560,JUE,14:20,15:10,VASQUEZ PEREYRA JOSE HUMBERTO
47,ISIA-109,T1,9560,JUE,15:15,16:05,VASQUEZ PEREYRA JOSE HUMBERTO
47,ISIA-110,L3,11531,VIE,07:00,07:50,ABANTO CABRERA HEBER GERSON
47,ISIA-110,L3,11531,VIE,07:55,08:45,ABANTO CABRERA HEBER GERSON
47,ISIA-110,L3,11531,VIE,08:50,09:40,ABANTO CABRERA HEBER GERSON
47,ISIA-110,L3,11531,VIE,09:45,10:35,ABANTO CABRERA HEBER GERSON
47,ISIA-113,T2,9622,MIE,18:00,18:50,CUEVA CHAVEZ WALTER MANUEL
47,ISIA-113,T2,9622,MIE,18:55,19:45,CUEVA CHAVEZ WALTER MANUEL
47,ISIA-111,T1,9634,LUN,16:10,17:00,CABALLERO ALVARADO ARMANDO JAVIER
47,ISIA-111,T1,9634,LUN,17:05,17:55,CABALLERO ALVARADO ARMANDO JAVIER
48,ISIA-109,T1,9560,JUE,14:20,15:10,VASQUEZ PEREYRA JOSE HUMBERTO
48,ISIA-109,T1,9560,JUE,15:15,16:05,VASQUEZ PEREYRA JOSE HUMBERTO
48,ISIA-110,L3,11531,VIE,07:00,07:50,ABANTO CABRERA HEBER GERSON
48,ISIA-110,L3,11531,VIE,07:55,08:45,ABANTO CABRERA HEBER GERSON
48,ISIA-110,L3,11531,VIE,08:50,09:40,ABANTO CABRERA HEBER GERSON
48,ISIA-110,L3,11531,VIE,09:45,10:35,ABANTO CABRERA HEBER GERSON
48,ISIA-113,T2,9622,MIE,18:00,18:50,CUEVA CHAVEZ WALTER MANUEL
48,ISIA-113,T2,9622,MIE,18:55,19:45,CUEVA CHAVEZ WALTER MANUEL
48,ISIA-111,L1,9635,LUN,18:00,18:50,CABALLERO ALVARADO ARMANDO JAVIER
48,ISIA-111,L1,9635,LUN,18:55,19:45,CABALLERO ALVARADO ARMANDO JAVIER
49,ISIA-109,T1,9560,JUE,14:20,15:10,VASQUEZ PEREYRA JOSE HUMBERTO
49,ISIA-109,T1,9560,JUE,15:15,16:05,VASQUEZ PEREYRA JOSE HUMBERTO
49,ISIA-110,L3,11531,VIE,07:00,07:50,ABANTO CABRERA HEBER GERSON
49,ISIA-110,L3,11531,VIE,07:55,08:45,ABANTO CABRERA HEBER GERSON
49,ISIA-110,L3,11531,VIE,08:50,09:40,ABANTO CABRERA HEBER GERSON
49,ISIA-110,L3,11531,VIE,09:45,10:35,ABANTO CABRERA HEBER GERSON
49,ISIA-113,L2,9623,MIE,19:50,20:40,CUEVA CHAVEZ WALTER MANUEL
49,ISIA-113,L2,9623,MIE,20:45,21:35,CUEVA CHAVEZ WALTER MANUEL
49,ISIA-111,L1,12170,LUN,19:50,20:40,CABALLERO ALVARADO ARMANDO JAVIER
49,ISIA-111,L1,12170,LUN,20:45,21:35,CABALLERO ALVARADO ARMANDO JAVIER
50,ISIA-109,T1,9560,JUE,14:20,15:10,VASQUEZ PEREYRA JOSE HUMBERTO
50,ISIA-109,T1,9560,JUE,15:15,16:05,VASQUEZ PEREYRA JOSE HUMBERTO
50,ISIA-110,L3,11531,VIE,07:00,07:50,ABANTO CABRERA HEBER GERSON
50,ISIA-110,L3,11531,VIE,07:55,08:45,ABANTO CABRERA HEBER GERSON
50,ISIA-110,L3,11531,VIE,08:50,09:40,ABANTO CABRERA HEBER GERSON
50,ISIA-110,L3,11531,VIE,09:45,10:35,ABANTO CABRERA HEBER GERSON
50,ISIA-113,L2,9623,MIE,19:50,20:40,CUEVA CHAVEZ WALTER MANUEL
50,ISIA-113,L2,9623,MIE,20:45,21:35,CUEVA CHAVEZ WALTER MANUEL
50,ISIA-111,T1,9634,LUN,16:10,17:00,CABALLERO ALVARADO ARMANDO JAVIER
50,ISIA-111,T1,9634,LUN,17:05,17:55,CABALLERO ALVARADO ARMANDO JAVIER
51,ISIA-109,T1,9560,JUE,14:20,15:10,VASQUEZ PEREYRA JOSE HUMBERTO
51,ISIA-109,T1,9560,JUE,15:15,16:05,VASQUEZ PEREYRA JOSE HUMBERTO
51,ISIA-110,L3,11531,VIE,07:00,07:50,ABANTO CABRERA HEBER GERSON
51,ISIA-110,L3,11531,VIE,07:55,08:45,ABANTO CABRERA HEBER GERSON
51,ISIA-110,L3,11531,VIE,08:50,09:40,ABANTO CABRERA HEBER GERSON
51,ISIA-110,L3,11531,VIE,09:45,10:35,ABANTO CABRERA HEBER GERSON
51,ISIA-113,L2,9623,MIE,19:50,20:40,CUEVA CHAVEZ WALTER MANUEL
51,ISIA-113,L2,9623,MIE,20:45,21:35,CUEVA CHAVEZ WALTER MANUEL
51,ISIA-111,L1,9635,LUN,18:00,18:50,CABALLERO ALVARADO ARMANDO JAVIER
51,ISIA-111,L1,9635,LUN,18:55,19:45,CABALLERO ALVARADO ARMANDO JAVIER
52,ISIA-109,T1,9560,JUE,14:20,15:10,VASQUEZ PEREYRA JOSE HUMBERTO
52,ISIA-109,T1,9560,JUE,15:15,16:05,VASQUEZ PEREYRA JOSE HUMBERTO
52,ISIA-110,L3,11532,MIE,18:00,18:50,LETURIA RODRIGUEZ WALTER IVAN
52,ISIA-110,L3,11532,MIE,18:55,19:45,LETURIA RODRIGUEZ WALTER IVAN
52,ISIA-110,L3,11532,MIE,19:50,20:40,LETURIA RODRIGUEZ WALTER IVAN
52,ISIA-110,L3,11532,MIE,20:45,21:35,LETURIA RODRIGUEZ WALTER IVAN
52,ISIA-113,L2,11846,VIE,07:00,07:50,CUEVA CHAVEZ WALTER MANUEL
52,ISIA-113,L2,11846,VIE,07:55,08:45,CUEVA CHAVEZ WALTER MANUEL
52,ISIA-111,L1,12170,LUN,19:50,20:40,CABALLERO ALVARADO ARMANDO JAVIER
52,ISIA-111,L1,12170,LUN,20:45,21:35,CABALLERO ALVARADO ARMANDO JAVIER
53,ISIA-109,T1,9560,JUE,14:20,15:10,VASQUEZ PEREYRA JOSE HUMBERTO
53,ISIA-109,T1,9560,JUE,15:15,16:05,VASQUEZ PEREYRA JOSE HUMBERTO
53,ISIA-110,L3,11532,MIE,18:00,18:50,LETURIA RODRIGUEZ WALTER IVAN
53,ISIA-110,L3,11532,MIE,18:55,19:45,LETURIA RODRIGUEZ WALTER IVAN
53,ISIA-110,L3,11532,MIE,19:50,20:40,LETURIA RODRIGUEZ WALTER IVAN
53,ISIA-110,L3,11532,MIE,20:45,21:35,LETURIA RODRIGUEZ WALTER IVAN
53,ISIA-113,L2,11846,VIE,07:00,07:50,CUEVA CHAVEZ WALTER MANUEL
53,ISIA-113,L2,11846,VIE,07:55,08:45,CUEVA CHAVEZ WALTER MANUEL
53,ISIA-111,T1,9634,LUN,16:10,17:00,CABALLERO ALVARADO ARMANDO JAVIER
53,ISIA-111,T1,9634,LUN,17:05,17:55,CABALLERO ALVARADO ARMANDO JAVIER
54,ISIA-109,T1,9560,JUE,14:20,15:10,VASQUEZ PEREYRA JOSE HUMBERTO
54,ISIA-109,T1,9560,JUE,15:15,16:05,VASQUEZ PEREYRA JOSE HUMBERTO
54,ISIA-110,L3,11532,MIE,18:00,18:50,LETURIA RODRIGUEZ WALTER IVAN
54,ISIA-110,L3,11532,MIE,18:55,19:45,LETURIA RODRIGUEZ WALTER IVAN
54,ISIA-110,L3,11532,MIE,19:50,20:40,LETURIA RODRIGUEZ WALTER IVAN
54,ISIA-110,L3,11532,MIE,20:45,21:35,LETURIA RODRIGUEZ WALTER IVAN
54,ISIA-113,L2,11846,VIE,07:00,07:50,CUEVA CHAVEZ WALTER MANUEL
54,ISIA-113,L2,11846,VIE,07:55,08:45,CUEVA CHAVEZ WALTER MANUEL
54,ISIA-111,L1,9635,LUN,18:00,18:50,CABALLERO ALVARADO ARMANDO JAVIER
54,ISIA-111,L1,9635,LUN,18:55,19:45,CABALLERO ALVARADO ARMANDO JAVIER
55,ISIA-109,T1,9560,JUE,14:20,15:10,VASQUEZ PEREYRA JOSE HUMBERTO
55,ISIA-109,T1,9560,JUE,15:15,16:05,VASQUEZ PEREYRA JOSE HUMBERTO
55,ISIA-110,L3,11532,MIE,18:00,18:50,LETURIA RODRIGUEZ WALTER IVAN
55,ISIA-110,L3,11532,MIE,18:55,19:45,LETURIA RODRIGUEZ WALTER IVAN
55,ISIA-110,L3,11532,MIE,19:50,20:40,LETURIA RODRIGUEZ WALTER IVAN
55,ISIA-110,L3,11532,MIE,20:45,21:35,LETURIA RODRIGUEZ WALTER IVAN
55,ISIA-113,L3,11848,JUE,16:10,17:00,CUEVA CHAVEZ WALTER MANUEL
55,ISIA-113,L3,11848,JUE,17:05,17:55,CUEVA CHAVEZ WALTER MANUEL
55,ISIA-111,L1,12170,LUN,19:50,20:40,CABALLERO ALVARADO ARMANDO JAVIER
55,ISIA-111,L1,12170,LUN,20:45,21:35,CABALLERO ALVARADO ARMANDO JAVIER
56,ISIA-109,T1,9560,JUE,14:20,15:10,VASQUEZ PEREYRA JOSE HUMBERTO
56,ISIA-109,T1,9560,JUE,15:15,16:05,VASQUEZ PEREYRA JOSE HUMBERTO
56,ISIA-110,L3,11532,MIE,18:00,18:50,LETURIA RODRIGUEZ WALTER IVAN
56,ISIA-110,L3,11532,MIE,18:55,19:45,LETURIA RODRIGUEZ WALTER IVAN
56,ISIA-110,L3,11532,MIE,19:50,20:40,LETURIA RODRIGUEZ WALTER IVAN
56,ISIA-110,L3,11532,MIE,20:45,21:35,LETURIA RODRIGUEZ WALTER IVAN
56,ISIA-113,L3,11848,JUE,16:10,17:00,CUEVA CHAVEZ WALTER MANUEL
56,ISIA-113,L3,11848,JUE,17:05,17:55,CUEVA CHAVEZ WALTER MANUEL
56,ISIA-111,T1,9634,LUN,16:10,17:00,CABALLERO ALVARADO ARMANDO JAVIER
56,ISIA-111,T1,9634,LUN,17:05,17:55,CABALLERO ALVARADO ARMANDO JAVIER
57,ISIA-109,T1,9560,JUE,14:20,15:10,VASQUEZ PEREYRA JOSE HUMBERTO
57,ISIA-109,T1,9560,JUE,15:15,16:05,VASQUEZ PEREYRA JOSE HUMBERTO
57,ISIA-110,L3,11532,MIE,18:00,18:50,LETURIA RODRIGUEZ WALTER IVAN
57,ISIA-110,L3,11532,MIE,18:55,19:45,LETURIA RODRIGUEZ WALTER IVAN
57,ISIA-110,L3,11532,MIE,19:50,20:40,LETURIA RODRIGUEZ WALTER IVAN
57,ISIA-110,L3,11532,MIE,20:45,21:35,LETURIA RODRIGUEZ WALTER IVAN
57,ISIA-113,L3,11848,JUE,16:10,17:00,CUEVA CHAVEZ WALTER MANUEL
57,ISIA-113,L3,11848,JUE,17:05,17:55,CUEVA CHAVEZ WALTER MANUEL
57,ISIA-111,L1,9635,LUN,18:00,18:50,CABALLERO ALVARADO ARMANDO JAVIER
57,ISIA-111,L1,9635,LUN,18:55,19:45,CABALLERO ALVARADO ARMANDO JAVIER
58,ISIA-109,T1,9560,JUE,14:20,15:10,VASQUEZ PEREYRA JOSE HUMBERTO
58,ISIA-109,T1,9560,JUE,15:15,16:05,VASQUEZ PEREYRA JOSE HUMBERTO
58,ISIA-110,L3,11532,MIE,18:00,18:50,LETURIA RODRIGUEZ WALTER IVAN
58,ISIA-110,L3,11532,MIE,18:55,19:45,LETURIA RODRIGUEZ WALTER IVAN
58,ISIA-110,L3,11532,MIE,19:50,20:40,LETURIA RODRIGUEZ WALTER IVAN
58,ISIA-110,L3,11532,MIE,20:45,21:35,LETURIA RODRIGUEZ WALTER IVAN
58,ISIA-113,T1,9619,MAR,18:00,18:50,CUEVA CHAVEZ WALTER MANUEL
58,ISIA-113,T1,9619,MAR,18:55,19:45,CUEVA CHAVEZ WALTER MANUEL
58,ISIA-111,L1,12170,LUN,19:50,20:40,CABALLERO ALVARADO ARMANDO JAVIER
58,ISIA-111,L1,12170,LUN,20:45,21:35,CABALLERO ALVARADO ARMANDO JAVIER
59,ISIA-109,T1,9560,JUE,14:20,15:10,VASQUEZ PEREYRA JOSE HUMBERTO
59,ISIA-109,T1,9560,JUE,15:15,16:05,VASQUEZ PEREYRA JOSE HUMBERTO
59,ISIA-110,L3,11532,MIE,18:00,18:50,LETURIA RODRIGUEZ WALTER IVAN
59,ISIA-110,L3,11532,MIE,18:55,19:45,LETURIA RODRIGUEZ WALTER IVAN
59,ISIA-110,L3,11532,MIE,19:50,20:40,LETURIA RODRIGUEZ WALTER IVAN
59,ISIA-110,L3,11532,MIE,20:45,21:35,LETURIA RODRIGUEZ WALTER IVAN
59,ISIA-113,T1,9619,MAR,18:00,18:50,CUEVA CHAVEZ WALTER MANUEL
59,ISIA-113,T1,9619,MAR,18:55,19:45,CUEVA CHAVEZ WALTER MANUEL
59,ISIA-111,T1,9634,LUN,16:10,17:00,CABALLERO ALVARADO ARMANDO JAVIER
59,ISIA-111,T1,9634,LUN,17:05,17:55,CABALLERO ALVARADO ARMANDO JAVIER
60,ISIA-109,T1,9560,JUE,14:20,15:10,VASQUEZ PEREYRA JOSE HUMBERTO
60,ISIA-109,T1,9560,JUE,15:15,16:05,VASQUEZ PEREYRA JOSE HUMBERTO
60,ISIA-110,L3,11532,MIE,18:00,18:50,LETURIA RODRIGUEZ WALTER IVAN
60,ISIA-110,L3,11532,MIE,18:55,19:45,LETURIA RODRIGUEZ WALTER IVAN
60,ISIA-110,L3,11532,MIE,19:50,20:40,LETURIA RODRIGUEZ WALTER IVAN
60,ISIA-110,L3,11532,MIE,20:45,21:35,LETURIA RODRIGUEZ WALTER IVAN
60,ISIA-113,T1,9619,MAR,18:00,18:50,CUEVA CHAVEZ WALTER MANUEL
60,ISIA-113,T1,9619,MAR,18:55,19:45,CUEVA CHAVEZ WALTER MANUEL
60,ISIA-111,L1,9635,LUN,18:00,18:50,CABALLERO ALVARADO ARMANDO JAVIER
60,ISIA-111,L1,9635,LUN,18:55,19:45,CABALLERO ALVARADO ARMANDO JAVIER
61,ISIA-109,T1,9560,JUE,14:20,15:10,VASQUEZ PEREYRA JOSE HUMBERTO
61,ISIA-109,T1,9560,JUE,15:15,16:05,VASQUEZ PEREYRA JOSE HUMBERTO
61,ISIA-110,L3,11532,MIE,18:00,18:50,LETURIA RODRIGUEZ WALTER IVAN
61,ISIA-110,L3,11532,MIE,18:55,19:45,LETURIA RODRIGUEZ WALTER IVAN
61,ISIA-110,L3,11532,MIE,19:50,20:40,LETURIA RODRIGUEZ WALTER IVAN
61,ISIA-110,L3,11532,MIE,20:45,21:35,LETURIA RODRIGUEZ WALTER IVAN
61,ISIA-113,L1,9620,MAR,19:50,20:40,CUEVA CHAVEZ WALTER MANUEL
61,ISIA-113,L1,9620,MAR,20:45,21:35,CUEVA CHAVEZ WALTER MANUEL
61,ISIA-111,L1,12170,LUN,19:50,20:40,CABALLERO ALVARADO ARMANDO JAVIER
61,ISIA-111,L1,12170,LUN,20:45,21:35,CABALLERO ALVARADO ARMANDO JAVIER
62,ISIA-109,T1,9560,JUE,14:20,15:10,VASQUEZ PEREYRA JOSE HUMBERTO
62,ISIA-109,T1,9560,JUE,15:15,16:05,VASQUEZ PEREYRA JOSE HUMBERTO
62,ISIA-110,L3,11532,MIE,18:00,18:50,LETURIA RODRIGUEZ WALTER IVAN
62,ISIA-110,L3,11532,MIE,18:55,19:45,LETURIA RODRIGUEZ WALTER IVAN
62,ISIA-110,L3,11532,MIE,19:50,20:40,LETURIA RODRIGUEZ WALTER IVAN
62,ISIA-110,L3,11532,MIE,20:45,21:35,LETURIA RODRIGUEZ WALTER IVAN
62,ISIA-113,L1,9620,MAR,19:50,20:40,CUEVA CHAVEZ WALTER MANUEL
62,ISIA-113,L1,9620,MAR,20:45,21:35,CUEVA CHAVEZ WALTER MANUEL
62,ISIA-111,T1,9634,LUN,16:10,17:00,CABALLERO ALVARADO ARMANDO JAVIER
62,ISIA-111,T1,9634,LUN,17:05,17:55,CABALLERO ALVARADO ARMANDO JAVIER
63,ISIA-109,T1,9560,JUE,14:20,15:10,VASQUEZ PEREYRA JOSE HUMBERTO
63,ISIA-109,T1,9560,JUE,15:15,16:05,VASQUEZ PEREYRA JOSE HUMBERTO
63,ISIA-110,L3,11532,MIE,18:00,18:50,LETURIA RODRIGUEZ WALTER IVAN
63,ISIA-110,L3,11532,MIE,18:55,19:45,LETURIA RODRIGUEZ WALTER IVAN
63,ISIA-110,L3,11532,MIE,19:50,20:40,LETURIA RODRIGUEZ WALTER IVAN
63,ISIA-110,L3,11532,MIE,20:45,21:35,LETURIA RODRIGUEZ WALTER IVAN
63,ISIA-113,L1,9620,MAR,19:50,20:40,CUEVA CHAVEZ WALTER MANUEL
63,ISIA-113,L1,9620,MAR,20:45,21:35,CUEVA CHAVEZ WALTER MANUEL
63,ISIA-111,L1,9635,LUN,18:00,18:50,CABALLERO ALVARADO ARMANDO JAVIER
63,ISIA-111,L1,9635,LUN,18:55,19:45,CABALLERO ALVARADO ARMANDO JAVIER
64,ISIA-109,T1,9560,JUE,14:20,15:10,VASQUEZ PEREYRA JOSE HUMBERTO
64,ISIA-109,T1,9560,JUE,15:15,16:05,VASQUEZ PEREYRA JOSE HUMBERTO
64,ISIA-110,T1,9629,LUN,08:50,09:40,ABANTO CABRERA HEBER GERSON
64,ISIA-110,T1,9629,LUN,09:45,10:35,ABANTO CABRERA HEBER GERSON
64,ISIA-113,L2,11846,VIE,07:00,07:50,CUEVA CHAVEZ WALTER MANUEL
64,ISIA-113,L2,11846,VIE,07:55,08:45,CUEVA CHAVEZ WALTER MANUEL
64,ISIA-111,L1,12170,LUN,19:50,20:40,CABALLERO ALVARADO ARMANDO JAVIER
64,ISIA-111,L1,12170,LUN,20:45,21:35,CABALLERO ALVARADO ARMANDO JAVIER
65,ISIA-109,T1,9560,JUE,14:20,15:10,VASQUEZ PEREYRA JOSE HUMBERTO
65,ISIA-109,T1,9560,JUE,15:15,16:05,VASQUEZ PEREYRA JOSE HUMBERTO
65,ISIA-110,T1,9629,LUN,08:50,09:40,ABANTO CABRERA HEBER GERSON
65,ISIA-110,T1,9629,LUN,09:45,10:35,ABANTO CABRERA HEBER GERSON
65,ISIA-113,L2,11846,VIE,07:00,07:50,CUEVA CHAVEZ WALTER MANUEL
65,ISIA-113,L2,11846,VIE,07:55,08:45,CUEVA CHAVEZ WALTER MANUEL
65,ISIA-111,T1,9634,LUN,16:10,17:00,CABALLERO ALVARADO ARMANDO JAVIER
65,ISIA-111,T1,9634,LUN,17:05,17:55,CABALLERO ALVARADO ARMANDO JAVIER
66,ISIA-109,T1,9560,JUE,14:20,15:10,VASQUEZ PEREYRA JOSE HUMBERTO
66,ISIA-109,T1,9560,JUE,15:15,16:05,VASQUEZ PEREYRA JOSE HUMBERTO
66,ISIA-110,T1,9629,LUN,08:50,09:40,ABANTO CABRERA HEBER GERSON
66,ISIA-110,T1,9629,LUN,09:45,10:35,ABANTO CABRERA HEBER GERSON
66,ISIA-113,L2,11846,VIE,07:00,07:50,CUEVA CHAVEZ WALTER MANUEL
66,ISIA-113,L2,11846,VIE,07:55,08:45,CUEVA CHAVEZ WALTER MANUEL
66,ISIA-111,L1,9635,LUN,18:00,18:50,CABALLERO ALVARADO ARMANDO JAVIER
66,ISIA-111,L1,9635,LUN,18:55,19:45,CABALLERO ALVARADO ARMANDO JAVIER
67,ISIA-109,T1,9560,JUE,14:20,15:10,VASQUEZ PEREYRA JOSE HUMBERTO
67,ISIA-109,T1,9560,JUE,15:15,16:05,VASQUEZ PEREYRA JOSE HUMBERTO
67,ISIA-110,T1,9629,LUN,08:50,09:40,ABANTO CABRERA HEBER GERSON
67,ISIA-110,T1,9629,LUN,09:45,10:35,ABANTO CABRERA HEBER GERSON
67,ISIA-113,L3,11848,JUE,16:10,17:00,CUEVA CHAVEZ WALTER MANUEL
67,ISIA-113,L3,11848,JUE,17:05,17:55,CUEVA CHAVEZ WALTER MANUEL
67,ISIA-111,L1,12170,LUN,19:50,20:40,CABALLERO ALVARADO ARMANDO JAVIER
67,ISIA-111,L1,12170,LUN,20:45,21:35,CABALLERO ALVARADO ARMANDO JAVIER
68,ISIA-109,T1,9560,JUE,14:20,15:10,VASQUEZ PEREYRA JOSE HUMBERTO
68,ISIA-109,T1,9560,JUE,15:15,16:05,VASQUEZ PEREYRA JOSE HUMBERTO
68,ISIA-110,T1,9629,LUN,08:50,09:40,ABANTO CABRERA HEBER GERSON
68,ISIA-110,T1,9629,LUN,09:45,10:35,ABANTO CABRERA HEBER GERSON
68,ISIA-113,L3,11848,JUE,16:10,17:00,CUEVA CHAVEZ WALTER MANUEL
68,ISIA-113,L3,11848,JUE,17:05,17:55,CUEVA CHAVEZ WALTER MANUEL
68,ISIA-111,T1,9634,LUN,16:10,17:00,CABALLERO ALVARADO ARMANDO JAVIER
68,ISIA-111,T1,9634,LUN,17:05,17:55,CABALLERO ALVARADO ARMANDO JAVIER
69,ISIA-109,T1,9560,JUE,14:20,15:10,VASQUEZ PEREYRA JOSE HUMBERTO
69,ISIA-109,T1,9560,JUE,15:15,16:05,VASQUEZ PEREYRA JOSE HUMBERTO
69,ISIA-110,T1,9629,LUN,08:50,09:40,ABANTO CABRERA HEBER GERSON
69,ISIA-110,T1,9629,LUN,09:45,10:35,ABANTO CABRERA HEBER GERSON
69,ISIA-113,L3,11848,JUE,16:10,17:00,CUEVA CHAVEZ WALTER MANUEL
69,ISIA-113,L3,11848,JUE,17:05,17:55,CUEVA CHAVEZ WALTER MANUEL
69,ISIA-111,L1,9635,LUN,18:00,18:50,CABALLERO ALVARADO ARMANDO JAVIER
69,ISIA-111,L1,9635,LUN,18:55,19:45,CABALLERO ALVARADO ARMANDO JAVIER
70,ISIA-109,T1,9560,JUE,14:20,15:10,VASQUEZ PEREYRA JOSE HUMBERTO
70,ISIA-109,T1,9560,JUE,15:15,16:05,VASQUEZ PEREYRA JOSE HUMBERTO
70,ISIA-110,T1,9629,LUN,08:50,09:40,ABANTO CABRERA HEBER GERSON
70,ISIA-110,T1,9629,LUN,09:45,10:35,ABANTO CABRERA HEBER GERSON
70,ISIA-113,T1,9619,MAR,18:00,18:50,CUEVA CHAVEZ WALTER MANUEL
70,ISIA-113,T1,9619,MAR,18:55,19:45,CUEVA CHAVEZ WALTER MANUEL
70,ISIA-111,L1,12170,LUN,19:50,20:40,CABALLERO ALVARADO ARMANDO JAVIER
70,ISIA-111,L1,12170,LUN,20:45,21:35,CABALLERO ALVARADO ARMANDO JAVIER
71,ISIA-109,T1,9560,JUE,14:20,15:10,VASQUEZ PEREYRA JOSE HUMBERTO
71,ISIA-109,T1,9560,JUE,15:15,16:05,VASQUEZ PEREYRA JOSE HUMBERTO
71,ISIA-110,T1,9629,LUN,08:50,09:40,ABANTO CABRERA HEBER GERSON
71,ISIA-110,T1,9629,LUN,09:45,10:35,ABANTO CABRERA HEBER GERSON
71,ISIA-113,T1,9619,MAR,18:00,18:50,CUEVA CHAVEZ WALTER MANUEL
71,ISIA-113,T1,9619,MAR,18:55,19:45,CUEVA CHAVEZ WALTER MANUEL
71,ISIA-111,T1,9634,LUN,16:10,17:00,CABALLERO ALVARADO ARMANDO JAVIER
71,ISIA-111,T1,9634,LUN,17:05,17:55,CABALLERO ALVARADO ARMANDO JAVIER
72,ISIA-109,T1,9560,JUE,14:20,15:10,VASQUEZ PEREYRA JOSE HUMBERTO
72,ISIA-109,T1,9560,JUE,15:15,16:05,VASQUEZ PEREYRA JOSE HUMBERTO
72,ISIA-110,T1,9629,LUN,08:50,09:40,ABANTO CABRERA HEBER GERSON
72,ISIA-110,T1,9629,LUN,09:45,10:35,ABANTO CABRERA HEBER GERSON
72,ISIA-113,T1,9619,MAR,18:00,18:50,CUEVA CHAVEZ WALTER MANUEL
72,ISIA-113,T1,9619,MAR,18:55,19:45,CUEVA CHAVEZ WALTER MANUEL
72,ISIA-111,L1,9635,LUN,18:00,18:50,CABALLERO ALVARADO ARMANDO JAVIER
72,ISIA-111,L1,9635,LUN,18:55,19:45,CABALLERO ALVARADO ARMANDO JAVIER
73,ISIA-109,T1,9560,JUE,14:20,15:10,VASQUEZ PEREYRA JOSE HUMBERTO
73,ISIA-109,T1,9560,JUE,15:15,16:05,VASQUEZ PEREYRA JOSE HUMBERTO
73,ISIA-110,T1,9629,LUN,08:50,09:40,ABANTO CABRERA HEBER GERSON
73,ISIA-110,T1,9629,LUN,09:45,10:35,ABANTO CABRERA HEBER GERSON
73,ISIA-113,L1,9620,MAR,19:50,20:40,CUEVA CHAVEZ WALTER MANUEL
73,ISIA-113,L1,9620,MAR,20:45,21:35,CUEVA CHAVEZ WALTER MANUEL
73,ISIA-111,L1,12170,LUN,19:50,20:40,CABALLERO ALVARADO ARMANDO JAVIER
73,ISIA-111,L1,12170,LUN,20:45,21:35,CABALLERO ALVARADO ARMANDO JAVIER
74,ISIA-109,T1,9560,JUE,14:20,15:10,VASQUEZ PEREYRA JOSE HUMBERTO
74,ISIA-109,T1,9560,JUE,15:15,16:05,VASQUEZ PEREYRA JOSE HUMBERTO
74,ISIA-110,T1,9629,LUN,08:50,09:40,ABANTO CABRERA HEBER GERSON
74,ISIA-110,T1,9629,LUN,09:45,10:35,ABANTO CABRERA HEBER GERSON
74,ISIA-113,L1,9620,MAR,19:50,20:40,CUEVA CHAVEZ WALTER MANUEL
74,ISIA-113,L1,9620,MAR,20:45,21:35,CUEVA CHAVEZ WALTER MANUEL
74,ISIA-111,T1,9634,LUN,16:10,17:00,CABALLERO ALVARADO ARMANDO JAVIER
74,ISIA-111,T1,9634,LUN,17:05,17:55,CABALLERO ALVARADO ARMANDO JAVIER
75,ISIA-109,T1,9560,JUE,14:20,15:10,VASQUEZ PEREYRA JOSE HUMBERTO
75,ISIA-109,T1,9560,JUE,15:15,16:05,VASQUEZ PEREYRA JOSE HUMBERTO
75,ISIA-110,T1,9629,LUN,08:50,09:40,ABANTO CABRERA HEBER GERSON
75,ISIA-110,T1,9629,LUN,09:45,10:35,ABANTO CABRERA HEBER GERSON
75,ISIA-113,L1,9620,MAR,19:50,20:40,CUEVA CHAVEZ WALTER MANUEL
75,ISIA-113,L1,9620,MAR,20:45,21:35,CUEVA CHAVEZ WALTER MANUEL
75,ISIA-111,L1,9635,LUN,18:00,18:50,CABALLERO ALVARADO ARMANDO JAVIER
75,ISIA-111,L1,9635,LUN,18:55,19:45,CABALLERO ALVARADO ARMANDO JAVIER
76,ISIA-109,T1,9560,JUE,14:20,15:10,VASQUEZ PEREYRA JOSE HUMBERTO
76,ISIA-109,T1,9560,JUE,15:15,16:05,VASQUEZ PEREYRA JOSE HUMBERTO
76,ISIA-110,T1,9629,LUN,08:50,09:40,ABANTO CABRERA HEBER GERSON
76,ISIA-110,T1,9629,LUN,09:45,10:35,ABANTO CABRERA HEBER GERSON
76,ISIA-113,T2,9622,MIE,18:00,18:50,CUEVA CHAVEZ WALTER MANUEL
76,ISIA-113,T2,9622,MIE,18:55,19:45,CUEVA CHAVEZ WALTER MANUEL
76,ISIA-111,L1,12170,LUN,19:50,20:40,CABALLERO ALVARADO ARMANDO JAVIER
76,ISIA-111,L1,12170,LUN,20:45,21:35,CABALLERO ALVARADO ARMANDO JAVIER
77,ISIA-109,T1,9560,JUE,14:20,15:10,VASQUEZ PEREYRA JOSE HUMBERTO
77,ISIA-109,T1,9560,JUE,15:15,16:05,VASQUEZ PEREYRA JOSE HUMBERTO
77,ISIA-110,T1,9629,LUN,08:50,09:40,ABANTO CABRERA HEBER GERSON
77,ISIA-110,T1,9629,LUN,09:45,10:35,ABANTO CABRERA HEBER GERSON
77,ISIA-113,T2,9622,MIE,18:00,18:50,CUEVA CHAVEZ WALTER MANUEL
77,ISIA-113,T2,9622,MIE,18:55,19:45,CUEVA CHAVEZ WALTER MANUEL
77,ISIA-111,T1,9634,LUN,16:10,17:00,CABALLERO ALVARADO ARMANDO JAVIER
77,ISIA-111,T1,9634,LUN,17:05,17:55,CABALLERO ALVARADO ARMANDO JAVIER
78,ISIA-109,T1,9560,JUE,14:20,15:10,VASQUEZ PEREYRA JOSE HUMBERTO
78,ISIA-109,T1,9560,JUE,15:15,16:05,VASQUEZ PEREYRA JOSE HUMBERTO
78,ISIA-110,T1,9629,LUN,08:50,09:40,ABANTO CABRERA HEBER GERSON
78,ISIA-110,T1,9629,LUN,09:45,10:35,ABANTO CABRERA HEBER GERSON
78,ISIA-113,T2,9622,MIE,18:00,18:50,CUEVA CHAVEZ WALTER MANUEL
78,ISIA-113,T2,9622,MIE,18:55,19:45,CUEVA CHAVEZ WALTER MANUEL
78,ISIA-111,L1,9635,LUN,18:00,18:50,CABALLERO ALVARADO ARMANDO JAVIER
78,ISIA-111,L1,9635,LUN,18:55,19:45,CABALLERO ALVARADO ARMANDO JAVIER
79,ISIA-109,T1,9560,JUE,14:20,15:10,VASQUEZ PEREYRA JOSE HUMBERTO
79,ISIA-109,T1,9560,JUE,15:15,16:05,VASQUEZ PEREYRA JOSE HUMBERTO
79,ISIA-110,T1,9629,LUN,08:50,09:40,ABANTO CABRERA HEBER GERSON
79,ISIA-110,T1,9629,LUN,09:45,10:35,ABANTO CABRERA HEBER GERSON
79,ISIA-113,L2,9623,MIE,19:50,20:40,CUEVA CHAVEZ WALTER MANUEL
79,ISIA-113,L2,9623,MIE,20:45,21:35,CUEVA CHAVEZ WALTER MANUEL
79,ISIA-111,L1,12170,LUN,19:50,20:40,CABALLERO ALVARADO ARMANDO JAVIER
79,ISIA-111,L1,12170,LUN,20:45,21:35,CABALLERO ALVARADO ARMANDO JAVIER
80,ISIA-109,T1,9560,JUE,14:20,15:10,VASQUEZ PEREYRA JOSE HUMBERTO
80,ISIA-109,T1,9560,JUE,15:15,16:05,VASQUEZ PEREYRA JOSE HUMBERTO
80,ISIA-110,T1,9629,LUN,08:50,09:40,ABANTO CABRERA HEBER GERSON
80,ISIA-110,T1,9629,LUN,09:45,10:35,ABANTO CABRERA HEBER GERSON
80,ISIA-113,L2,9623,MIE,19:50,20:40,CUEVA CHAVEZ WALTER MANUEL
80,ISIA-113,L2,9623,MIE,20:45,21:35,CUEVA CHAVEZ WALTER MANUEL
80,ISIA-111,T1,9634,LUN,16:10,17:00,CABALLERO ALVARADO ARMANDO JAVIER
80,ISIA-111,T1,9634,LUN,17:05,17:55,CABALLERO ALVARADO ARMANDO JAVIER
81,ISIA-109,T1,9560,JUE,14:20,15:10,VASQUEZ PEREYRA JOSE HUMBERTO
81,ISIA-109,T1,9560,JUE,15:15,16:05,VASQUEZ PEREYRA JOSE HUMBERTO
81,ISIA-110,T1,9629,LUN,08:50,09:40,ABANTO CABRERA HEBER GERSON
81,ISIA-110,T1,9629,LUN,09:45,10:35,ABANTO CABRERA HEBER GERSON
81,ISIA-113,L2,9623,MIE,19:50,20:40,CUEVA CHAVEZ WALTER MANUEL
81,ISIA-113,L2,9623,MIE,20:45,21:35,CUEVA CHAVEZ WALTER MANUEL
81,ISIA-111,L1,9635,LUN,18:00,18:50,CABALLERO ALVARADO ARMANDO JAVIER
81,ISIA-111,L1,9635,LUN,18:55,19:45,CABALLERO ALVARADO ARMANDO JAVIER
82,ISIA-109,T1,9560,JUE,14:20,15:10,VASQUEZ PEREYRA JOSE HUMBERTO
82,ISIA-109,T1,9560,JUE,15:15,16:05,VASQUEZ PEREYRA JOSE HUMBERTO
82,ISIA-110,L1,9630,LUN,13:25,14:15,ABANTO CABRERA HEBER GERSON
82,ISIA-110,L1,9630,LUN,10:40,11:30,ABANTO CABRERA HEBER GERSON
82,ISIA-110,L1,9630,LUN,11:35,12:25,ABANTO CABRERA HEBER GERSON
82,ISIA-110,L1,9630,LUN,12:30,13:20,ABANTO CABRERA HEBER GERSON
82,ISIA-113,L2,11846,VIE,07:00,07:50,CUEVA CHAVEZ WALTER MANUEL
82,ISIA-113,L2,11846,VIE,07:55,08:45,CUEVA CHAVEZ WALTER MANUEL
82,ISIA-111,L1,12170,LUN,19:50,20:40,CABALLERO ALVARADO ARMANDO JAVIER
82,ISIA-111,L1,12170,LUN,20:45,21:35,CABALLERO ALVARADO ARMANDO JAVIER
83,ISIA-109,T1,9560,JUE,14:20,15:10,VASQUEZ PEREYRA JOSE HUMBERTO
83,ISIA-109,T1,9560,JUE,15:15,16:05,VASQUEZ PEREYRA JOSE HUMBERTO
83,ISIA-110,L1,9630,LUN,13:25,14:15,ABANTO CABRERA HEBER GERSON
83,ISIA-110,L1,9630,LUN,10:40,11:30,ABANTO CABRERA HEBER GERSON
83,ISIA-110,L1,9630,LUN,11:35,12:25,ABANTO CABRERA HEBER GERSON
83,ISIA-110,L1,9630,LUN,12:30,13:20,ABANTO CABRERA HEBER GERSON
83,ISIA-113,L2,11846,VIE,07:00,07:50,CUEVA CHAVEZ WALTER MANUEL
83,ISIA-113,L2,11846,VIE,07:55,08:45,CUEVA CHAVEZ WALTER MANUEL
83,ISIA-111,T1,9634,LUN,16:10,17:00,CABALLERO ALVARADO ARMANDO JAVIER
83,ISIA-111,T1,9634,LUN,17:05,17:55,CABALLERO ALVARADO ARMANDO JAVIER
84,ISIA-109,T1,9560,JUE,14:20,15:10,VASQUEZ PEREYRA JOSE HUMBERTO
84,ISIA-109,T1,9560,JUE,15:15,16:05,VASQUEZ PEREYRA JOSE HUMBERTO
84,ISIA-110,L1,9630,LUN,13:25,14:15,ABANTO CABRERA HEBER GERSON
84,ISIA-110,L1,9630,LUN,10:40,11:30,ABANTO CABRERA HEBER GERSON
84,ISIA-110,L1,9630,LUN,11:35,12:25,ABANTO CABRERA HEBER GERSON
84,ISIA-110,L1,9630,LUN,12:30,13:20,ABANTO CABRERA HEBER GERSON
84,ISIA-113,L2,11846,VIE,07:00,07:50,CUEVA CHAVEZ WALTER MANUEL
84,ISIA-113,L2,11846,VIE,07:55,08:45,CUEVA CHAVEZ WALTER MANUEL
84,ISIA-111,L1,9635,LUN,18:00,18:50,CABALLERO ALVARADO ARMANDO JAVIER
84,ISIA-111,L1,9635,LUN,18:55,19:45,CABALLERO ALVARADO ARMANDO JAVIER
85,ISIA-109,T1,9560,JUE,14:20,15:10,VASQUEZ PEREYRA JOSE HUMBERTO
85,ISIA-109,T1,9560,JUE,15:15,16:05,VASQUEZ PEREYRA JOSE HUMBERTO
85,ISIA-110,L1,9630,LUN,13:25,14:15,ABANTO CABRERA HEBER GERSON
85,ISIA-110,L1,9630,LUN,10:40,11:30,ABANTO CABRERA HEBER GERSON
85,ISIA-110,L1,9630,LUN,11:35,12:25,ABANTO CABRERA HEBER GERSON
85,ISIA-110,L1,9630,LUN,12:30,13:20,ABANTO CABRERA HEBER GERSON
85,ISIA-113,L3,11848,JUE,16:10,17:00,CUEVA CHAVEZ WALTER MANUEL
85,ISIA-113,L3,11848,JUE,17:05,17:55,CUEVA CHAVEZ WALTER MANUEL
85,ISIA-111,L1,12170,LUN,19:50,20:40,CABALLERO ALVARADO ARMANDO JAVIER
85,ISIA-111,L1,12170,LUN,20:45,21:35,CABALLERO ALVARADO ARMANDO JAVIER
86,ISIA-109,T1,9560,JUE,14:20,15:10,VASQUEZ PEREYRA JOSE HUMBERTO
86,ISIA-109,T1,9560,JUE,15:15,16:05,VASQUEZ PEREYRA JOSE HUMBERTO
86,ISIA-110,L1,9630,LUN,13:25,14:15,ABANTO CABRERA HEBER GERSON
86,ISIA-110,L1,9630,LUN,10:40,11:30,ABANTO CABRERA HEBER GERSON
86,ISIA-110,L1,9630,LUN,11:35,12:25,ABANTO CABRERA HEBER GERSON
86,ISIA-110,L1,9630,LUN,12:30,13:20,ABANTO CABRERA HEBER GERSON
86,ISIA-113,L3,11848,JUE,16:10,17:00,CUEVA CHAVEZ WALTER MANUEL
86,ISIA-113,L3,11848,JUE,17:05,17:55,CUEVA CHAVEZ WALTER MANUEL
86,ISIA-111,T1,9634,LUN,16:10,17:00,CABALLERO ALVARADO ARMANDO JAVIER
86,ISIA-111,T1,9634,LUN,17:05,17:55,CABALLERO ALVARADO ARMANDO JAVIER
87,ISIA-109,T1,9560,JUE,14:20,15:10,VASQUEZ PEREYRA JOSE HUMBERTO
87,ISIA-109,T1,9560,JUE,15:15,16:05,VASQUEZ PEREYRA JOSE HUMBERTO
87,ISIA-110,L1,9630,LUN,13:25,14:15,ABANTO CABRERA HEBER GERSON
87,ISIA-110,L1,9630,LUN,10:40,11:30,ABANTO CABRERA HEBER GERSON
87,ISIA-110,L1,9630,LUN,11:35,12:25,ABANTO CABRERA HEBER GERSON
87,ISIA-110,L1,9630,LUN,12:30,13:20,ABANTO CABRERA HEBER GERSON
87,ISIA-113,L3,11848,JUE,16:10,17:00,CUEVA CHAVEZ WALTER MANUEL
87,ISIA-113,L3,11848,JUE,17:05,17:55,CUEVA CHAVEZ WALTER MANUEL
87,ISIA-111,L1,9635,LUN,18:00,18:50,CABALLERO ALVARADO ARMANDO JAVIER
87,ISIA-111,L1,9635,LUN,18:55,19:45,CABALLERO ALVARADO ARMANDO JAVIER
88,ISIA-109,T1,9560,JUE,14:20,15:10,VASQUEZ PEREYRA JOSE HUMBERTO
88,ISIA-109,T1,9560,JUE,15:15,16:05,VASQUEZ PEREYRA JOSE HUMBERTO
88,ISIA-110,L1,9630,LUN,13:25,14:15,ABANTO CABRERA HEBER GERSON
88,ISIA-110,L1,9630,LUN,10:40,11:30,ABANTO CABRERA HEBER GERSON
88,ISIA-110,L1,9630,LUN,11:35,12:25,ABANTO CABRERA HEBER GERSON
88,ISIA-110,L1,9630,LUN,12:30,13:20,ABANTO CABRERA HEBER GERSON
88,ISIA-113,T1,9619,MAR,18:00,18:50,CUEVA CHAVEZ WALTER MANUEL
88,ISIA-113,T1,9619,MAR,18:55,19:45,CUEVA CHAVEZ WALTER MANUEL
88,ISIA-111,L1,12170,LUN,19:50,20:40,CABALLERO ALVARADO ARMANDO JAVIER
88,ISIA-111,L1,12170,LUN,20:45,21:35,CABALLERO ALVARADO ARMANDO JAVIER
89,ISIA-109,T1,9560,JUE,14:20,15:10,VASQUEZ PEREYRA JOSE HUMBERTO
89,ISIA-109,T1,9560,JUE,15:15,16:05,VASQUEZ PEREYRA JOSE HUMBERTO
89,ISIA-110,L1,9630,LUN,13:25,14:15,ABANTO CABRERA HEBER GERSON
89,ISIA-110,L1,9630,LUN,10:40,11:30,ABANTO CABRERA HEBER GERSON
89,ISIA-110,L1,9630,LUN,11:35,12:25,ABANTO CABRERA HEBER GERSON
89,ISIA-110,L1,9630,LUN,12:30,13:20,ABANTO CABRERA HEBER GERSON
89,ISIA-113,T1,9619,MAR,18:00,18:50,CUEVA CHAVEZ WALTER MANUEL
89,ISIA-113,T1,9619,MAR,18:55,19:45,CUEVA CHAVEZ WALTER MANUEL
89,ISIA-111,T1,9634,LUN,16:10,17:00,CABALLERO ALVARADO ARMANDO JAVIER
89,ISIA-111,T1,9634,LUN,17:05,17:55,CABALLERO ALVARADO ARMANDO JAVIER
90,ISIA-109,T1,9560,JUE,14:20,15:10,VASQUEZ PEREYRA JOSE HUMBERTO
90,ISIA-109,T1,9560,JUE,15:15,16:05,VASQUEZ PEREYRA JOSE HUMBERTO
90,ISIA-110,L1,9630,LUN,13:25,14:15,ABANTO CABRERA HEBER GERSON
90,ISIA-110,L1,9630,LUN,10:40,11:30,ABANTO CABRERA HEBER GERSON
90,ISIA-110,L1,9630,LUN,11:35,12:25,ABANTO CABRERA HEBER GERSON
90,ISIA-110,L1,9630,LUN,12:30,13:20,ABANTO CABRERA HEBER GERSON
90,ISIA-113,T1,9619,MAR,18:00,18:50,CUEVA CHAVEZ WALTER MANUEL
90,ISIA-113,T1,9619,MAR,18:55,19:45,CUEVA CHAVEZ WALTER MANUEL
90,ISIA-111,L1,9635,LUN,18:00,18:50,CABALLERO ALVARADO ARMANDO JAVIER
90,ISIA-111,L1,9635,LUN,18:55,19:45,CABALLERO ALVARADO ARMANDO JAVIER
91,ISIA-109,T1,9560,JUE,14:20,15:10,VASQUEZ PEREYRA JOSE HUMBERTO
91,ISIA-109,T1,9560,JUE,15:15,16:05,VASQUEZ PEREYRA JOSE HUMBERTO
91,ISIA-110,L1,9630,LUN,13:25,14:15,ABANTO CABRERA HEBER GERSON
91,ISIA-110,L1,9630,LUN,10:40,11:30,ABANTO CABRERA HEBER GERSON
91,ISIA-110,L1,9630,LUN,11:35,12:25,ABANTO CABRERA HEBER GERSON
91,ISIA-110,L1,9630,LUN,12:30,13:20,ABANTO CABRERA HEBER GERSON
91,ISIA-113,L1,9620,MAR,19:50,20:40,CUEVA CHAVEZ WALTER MANUEL
91,ISIA-113,L1,9620,MAR,20:45,21:35,CUEVA CHAVEZ WALTER MANUEL
91,ISIA-111,L1,12170,LUN,19:50,20:40,CABALLERO ALVARADO ARMANDO JAVIER
91,ISIA-111,L1,12170,LUN,20:45,21:35,CABALLERO ALVARADO ARMANDO JAVIER
92,ISIA-109,T1,9560,JUE,14:20,15:10,VASQUEZ PEREYRA JOSE HUMBERTO
92,ISIA-109,T1,9560,JUE,15:15,16:05,VASQUEZ PEREYRA JOSE HUMBERTO
92,ISIA-110,L1,9630,LUN,13:25,14:15,ABANTO CABRERA HEBER GERSON
92,ISIA-110,L1,9630,LUN,10:40,11:30,ABANTO CABRERA HEBER GERSON
92,ISIA-110,L1,9630,LUN,11:35,12:25,ABANTO CABRERA HEBER GERSON
92,ISIA-110,L1,9630,LUN,12:30,13:20,ABANTO CABRERA HEBER GERSON
92,ISIA-113,L1,9620,MAR,19:50,20:40,CUEVA CHAVEZ WALTER MANUEL
92,ISIA-113,L1,9620,MAR,20:45,21:35,CUEVA CHAVEZ WALTER MANUEL
92,ISIA-111,T1,9634,LUN,16:10,17:00,CABALLERO ALVARADO ARMANDO JAVIER
92,ISIA-111,T1,9634,LUN,17:05,17:55,CABALLERO ALVARADO ARMANDO JAVIER
93,ISIA-109,T1,9560,JUE,14:20,15:10,VASQUEZ PEREYRA JOSE HUMBERTO
93,ISIA-109,T1,9560,JUE,15:15,16:05,VASQUEZ PEREYRA JOSE HUMBERTO
93,ISIA-110,L1,9630,LUN,13:25,14:15,ABANTO CABRERA HEBER GERSON
93,ISIA-110,L1,9630,LUN,10:40,11:30,ABANTO CABRERA HEBER GERSON
93,ISIA-110,L1,9630,LUN,11:35,12:25,ABANTO CABRERA HEBER GERSON
93,ISIA-110,L1,9630,LUN,12:30,13:20,ABANTO CABRERA HEBER GERSON
93,ISIA-113,L1,9620,MAR,19:50,20:40,CUEVA CHAVEZ WALTER MANUEL
93,ISIA-113,L1,9620,MAR,20:45,21:35,CUEVA CHAVEZ WALTER MANUEL
93,ISIA-111,L1,9635,LUN,18:00,18:50,CABALLERO ALVARADO ARMANDO JAVIER
93,ISIA-111,L1,9635,LUN,18:55,19:45,CABALLERO ALVARADO ARMANDO JAVIER
94,ISIA-109,T1,9560,JUE,14:20,15:10,VASQUEZ PEREYRA JOSE HUMBERTO
94,ISIA-109,T1,9560,JUE,15:15,16:05,VASQUEZ PEREYRA JOSE HUMBERTO
94,ISIA-110,L1,9630,LUN,13:25,14:15,ABANTO CABRERA HEBER GERSON
94,ISIA-110,L1,9630,LUN,10:40,11:30,ABANTO CABRERA HEBER GERSON
94,ISIA-110,L1,9630,LUN,11:35,12:25,ABANTO CABRERA HEBER GERSON
94,ISIA-110,L1,9630,LUN,12:30,13:20,ABANTO CABRERA HEBER GERSON
94,ISIA-113,T2,9622,MIE,18:00,18:50,CUEVA CHAVEZ WALTER MANUEL
94,ISIA-113,T2,9622,MIE,18:55,19:45,CUEVA CHAVEZ WALTER MANUEL
94,ISIA-111,L1,12170,LUN,19:50,20:40,CABALLERO ALVARADO ARMANDO JAVIER
94,ISIA-111,L1,12170,LUN,20:45,21:35,CABALLERO ALVARADO ARMANDO JAVIER
95,ISIA-109,T1,9560,JUE,14:20,15:10,VASQUEZ PEREYRA JOSE HUMBERTO
95,ISIA-109,T1,9560,JUE,15:15,16:05,VASQUEZ PEREYRA JOSE HUMBERTO
95,ISIA-110,L1,9630,LUN,13:25,14:15,ABANTO CABRERA HEBER GERSON
95,ISIA-110,L1,9630,LUN,10:40,11:30,ABANTO CABRERA HEBER GERSON
95,ISIA-110,L1,9630,LUN,11:35,12:25,ABANTO CABRERA HEBER GERSON
95,ISIA-110,L1,9630,LUN,12:30,13:20,ABANTO CABRERA HEBER GERSON
95,ISIA-113,T2,9622,MIE,18:00,18:50,CUEVA CHAVEZ WALTER MANUEL
95,ISIA-113,T2,9622,MIE,18:55,19:45,CUEVA CHAVEZ WALTER MANUEL
95,ISIA-111,T1,9634,LUN,16:10,17:00,CABALLERO ALVARADO ARMANDO JAVIER
95,ISIA-111,T1,9634,LUN,17:05,17:55,CABALLERO ALVARADO ARMANDO JAVIER
96,ISIA-109,T1,9560,JUE,14:20,15:10,VASQUEZ PEREYRA JOSE HUMBERTO
96,ISIA-109,T1,9560,JUE,15:15,16:05,VASQUEZ PEREYRA JOSE HUMBERTO
96,ISIA-110,L1,9630,LUN,13:25,14:15,ABANTO CABRERA HEBER GERSON
96,ISIA-110,L1,9630,LUN,10:40,11:30,ABANTO CABRERA HEBER GERSON
96,ISIA-110,L1,9630,LUN,11:35,12:25,ABANTO CABRERA HEBER GERSON
96,ISIA-110,L1,9630,LUN,12:30,13:20,ABANTO CABRERA HEBER GERSON
96,ISIA-113,T2,9622,MIE,18:00,18:50,CUEVA CHAVEZ WALTER MANUEL
96,ISIA-113,T2,9622,MIE,18:55,19:45,CUEVA CHAVEZ WALTER MANUEL
96,ISIA-111,L1,9635,LUN,18:00,18:50,CABALLERO ALVARADO ARMANDO JAVIER
96,ISIA-111,L1,9635,LUN,18:55,19:45,CABALLERO ALVARADO ARMANDO JAVIER
97,ISIA-109,T1,9560,JUE,14:20,15:10,VASQUEZ PEREYRA JOSE HUMBERTO
97,ISIA-109,T1,9560,JUE,15:15,16:05,VASQUEZ PEREYRA JOSE HUMBERTO
97,ISIA-110,L1,9630,LUN,13:25,14:15,ABANTO CABRERA HEBER GERSON
97,ISIA-110,L1,9630,LUN,10:40,11:30,ABANTO CABRERA HEBER GERSON
97,ISIA-110,L1,9630,LUN,11:35,12:25,ABANTO CABRERA HEBER GERSON
97,ISIA-110,L1,9630,LUN,12:30,13:20,ABANTO CABRERA HEBER GERSON
97,ISIA-113,L2,9623,MIE,19:50,20:40,CUEVA CHAVEZ WALTER MANUEL
97,ISIA-113,L2,9623,MIE,20:45,21:35,CUEVA CHAVEZ WALTER MANUEL
97,ISIA-111,L1,12170,LUN,19:50,20:40,CABALLERO ALVARADO ARMANDO JAVIER
97,ISIA-111,L1,12170,LUN,20:45,21:35,CABALLERO ALVARADO ARMANDO JAVIER
98,ISIA-109,T1,9560,JUE,14:20,15:10,VASQUEZ PEREYRA JOSE HUMBERTO
98,ISIA-109,T1,9560,JUE,15:15,16:05,VASQUEZ PEREYRA JOSE HUMBERTO
98,ISIA-110,L1,9630,LUN,13:25,14:15,ABANTO CABRERA HEBER GERSON
98,ISIA-110,L1,9630,LUN,10:40,11:30,ABANTO CABRERA HEBER GERSON
98,ISIA-110,L1,9630,LUN,11:35,12:25,ABANTO CABRERA HEBER GERSON
98,ISIA-110,L1,9630,LUN,12:30,13:20,ABANTO CABRERA HEBER GERSON
98,ISIA-113,L2,9623,MIE,19:50,20:40,CUEVA CHAVEZ WALTER MANUEL
98,ISIA-113,L2,9623,MIE,20:45,21:35,CUEVA CHAVEZ WALTER MANUEL
98,ISIA-111,T1,9634,LUN,16:10,17:00,CABALLERO ALVARADO ARMANDO JAVIER
98,ISIA-111,T1,9634,LUN,17:05,17:55,CABALLERO ALVARADO ARMANDO JAVIER
99,ISIA-109,T1,9560,JUE,14:20,15:10,VASQUEZ PEREYRA JOSE HUMBERTO
99,ISIA-109,T1,9560,JUE,15:15,16:05,VASQUEZ PEREYRA JOSE HUMBERTO
99,ISIA-110,L1,9630,LUN,13:25,14:15,ABANTO CABRERA HEBER GERSON
99,ISIA-110,L1,9630,LUN,10:40,11:30,ABANTO CABRERA HEBER GERSON
99,ISIA-110,L1,9630,LUN,11:35,12:25,ABANTO CABRERA HEBER GERSON
99,ISIA-110,L1,9630,LUN,12:30,13:20,ABANTO CABRERA HEBER GERSON
99,ISIA-113,L2,9623,MIE,19:50,20:40,CUEVA CHAVEZ WALTER MANUEL
99,ISIA-113,L2,9623,MIE,20:45,21:35,CUEVA CHAVEZ WALTER MANUEL
99,ISIA-111,L1,9635,LUN,18:00,18:50,CABALLERO ALVARADO ARMANDO JAVIER
99,ISIA-111,L1,9635,LUN,18:55,19:45,CABALLERO ALVARADO ARMANDO JAVIER
100,ISIA-109,T1,9560,JUE,14:20,15:10,VASQUEZ PEREYRA JOSE HUMBERTO
100,ISIA-109,T1,9560,JUE,15:15,16:05,VASQUEZ PEREYRA JOSE HUMBERTO
100,ISIA-110,L1,9631,JUE,13:25,14:15,ABANTO CABRERA HEBER GERSON
100,ISIA-110,L1,9631,JUE,10:40,11:30,ABANTO CABRERA HEBER GERSON
100,ISIA-110,L1,9631,JUE,11:35,12:25,ABANTO CABRERA HEBER GERSON
100,ISIA-110,L1,9631,JUE,12:30,13:20,ABANTO CABRERA HEBER GERSON
100,ISIA-113,L2,11846,VIE,07:00,07:50,CUEVA CHAVEZ WALTER MANUEL
100,ISIA-113,L2,11846,VIE,07:55,08:45,CUEVA CHAVEZ WALTER MANUEL
100,ISIA-111,L1,12170,LUN,19:50,20:40,CABALLERO ALVARADO ARMANDO JAVIER
100,ISIA-111,L1,12170,LUN,20:45,21:35,CABALLERO ALVARADO ARMANDO JAVIER
